-- phpMyAdmin SQL Dump
-- version 5.1.1
-- https://www.phpmyadmin.net/
--
-- Host: 127.0.0.1
-- Tempo de geração: 02-Jun-2022 às 12:31
-- Versão do servidor: 10.4.22-MariaDB
-- versão do PHP: 8.1.2

SET SQL_MODE = "NO_AUTO_VALUE_ON_ZERO";
START TRANSACTION;
SET time_zone = "+00:00";


/*!40101 SET @OLD_CHARACTER_SET_CLIENT=@@CHARACTER_SET_CLIENT */;
/*!40101 SET @OLD_CHARACTER_SET_RESULTS=@@CHARACTER_SET_RESULTS */;
/*!40101 SET @OLD_COLLATION_CONNECTION=@@COLLATION_CONNECTION */;
/*!40101 SET NAMES utf8mb4 */;

--
-- Banco de dados: `banco_vetpet`
--
CREATE DATABASE IF NOT EXISTS `banco_vetpet` DEFAULT CHARACTER SET utf8 COLLATE utf8_unicode_ci;
USE `banco_vetpet`;

-- --------------------------------------------------------

--
-- Estrutura da tabela `avisos`
--

CREATE TABLE `avisos` (
  `id_aviso` int(11) NOT NULL,
  `cpf_dono` varchar(11) COLLATE utf8_unicode_ci NOT NULL,
  `crmv_vet` varchar(10) COLLATE utf8_unicode_ci NOT NULL,
  `descricao` varchar(300) COLLATE utf8_unicode_ci NOT NULL,
  `status` varchar(15) COLLATE utf8_unicode_ci NOT NULL
) ENGINE=InnoDB DEFAULT CHARSET=utf8 COLLATE=utf8_unicode_ci;

--
-- Extraindo dados da tabela `avisos`
--

INSERT INTO `avisos` (`id_aviso`, `cpf_dono`, `crmv_vet`, `descricao`, `status`) VALUES
(2, '69526630025', '19356', 'Lamentamos informar que sua consulta na data 05/06/2022 e no horário 8:00 foi cancelada por motivo de força maior, esperamos que em breve entre em contato e marque uma nova consulta.', 'criado'),
(3, '69526630025', '19356', 'Lamentamos informar que sua consulta na data 05/06/2022 e no horário 10:00 foi cancelada por motivo de força maior, esperamos que em breve entre em contato e marque uma nova consulta.', 'criado'),
(4, '33925031006', '19356', 'Lamentamos informar que sua consulta na data 05/06/2022 e no horário 11:00 foi cancelada por motivo de força maior, esperamos que em breve entre em contato e marque uma nova consulta.', 'visualizado'),
(5, '50107824051', '19356', 'Lamentamos informar que sua consulta na data 06/03/2022 e no horário 9:00 foi cancelada por motivo de força maior, esperamos que em breve entre em contato e marque uma nova consulta.', 'criado'),
(6, '85362516035', '19356', 'Lamentamos informar que sua consulta na data 06/03/2022 e no horário 16:00 foi cancelada por motivo de força maior, esperamos que em breve entre em contato e marque uma nova consulta.', 'criado'),
(7, '90194801039', '19356', 'Lamentamos informar que sua consulta na data 05/19/2022 e no horário 16:00 foi cancelada por motivo de força maior, esperamos que em breve entre em contato e marque uma nova consulta.', 'criado'),
(8, '70493333010', '19356', 'Lamentamos informar que sua consulta na data 05/11/2022 e no horário 10:00 foi cancelada por motivo de força maior, esperamos que em breve entre em contato e marque uma nova consulta.', 'criado'),
(9, '18109233015', '19356', 'Lamentamos informar que sua consulta na data 05/11/2022 e no horário 16:00 foi cancelada por motivo de força maior, esperamos que em breve entre em contato e marque uma nova consulta.', 'criado'),
(10, '32222215021', '19356', 'Lamentamos informar que sua consulta na data 18/05/2022 e no horário 13:00 foi cancelada por motivo de força maior, esperamos que em breve entre em contato e marque uma nova consulta.', 'visualizado'),
(12, '32222215021', '19356', 'Lamentamos informar que a consulta do seu pet na data 09/05/2022 e no horário 8:00 foi cancelada por motivo de força maior, esperamos que em breve entre em contato e marque uma nova consulta.', 'visualizado'),
(13, '84617133038', '19356', 'Lamentamos informar que a consulta do seu pet na data 06/06/2022 e no horário 15:00 foi cancelada por motivo de força maior, esperamos que em breve entre em contato e marque uma nova consulta.', 'criado'),
(14, '32222215021', '19356', 'Lamentamos informar que a consulta do seu pet na data 06/06/2022 e no horário 16:00 foi cancelada por motivo de força maior, esperamos que em breve entre em contato e marque uma nova consulta.', 'visualizado'),
(15, '40577090020', '19356', 'Lamentamos informar que a consulta do seu pet na data 25/05/2022 e no horário 13:00 foi cancelada por motivo de força maior, esperamos que em breve entre em contato e marque uma nova consulta.', 'criado'),
(16, '18109233015', '19356', 'Lamentamos informar que a consulta do seu pet na data 25/05/2022 e no horário 15:00 foi cancelada por motivo de força maior, esperamos que em breve entre em contato e marque uma nova consulta.', 'criado'),
(17, '73686562057', '19356', 'Lamentamos informar que a consulta do seu pet na data 27/05/2022 e no horário 16:00 foi cancelada por motivo de força maior, esperamos que em breve entre em contato e marque uma nova consulta.', 'criado'),
(18, '32222215021', '19356', 'Lamentamos informar que a consulta do seu pet na data 07/06/2022 e no horário 10:00 foi cancelada por motivo de força maior, esperamos que em breve entre em contato e marque uma nova consulta.', 'visualizado'),
(19, '40577090020', '19356', 'Lamentamos informar que a consulta do seu pet na data 07/06/2022 e no horário 11:00 foi cancelada por motivo de força maior, esperamos que em breve entre em contato e marque uma nova consulta.', 'criado'),
(20, '46042791010', '19356', 'Lamentamos informar que a consulta do seu pet na data 22/06/2022 e no horário 14:00 foi cancelada por motivo de força maior, esperamos que em breve entre em contato e marque uma nova consulta.', 'criado'),
(22, '16199748000', '19356', 'Lamentamos informar que a consulta do seu pet na data 06/06/2022 e no horário 8:00 foi cancelada por motivo de força maior, esperamos que em breve entre em contato e marque uma nova consulta.', 'criado'),
(23, '79688085022', '19356', 'Lamentamos informar que a consulta do seu pet na data 21/06/2022 e no horário 16:00 foi cancelada por motivo de força maior, esperamos que em breve entre em contato e marque uma nova consulta.', 'criado'),
(24, '39551199049', '19356', 'Lamentamos informar que a consulta do seu pet na data 21/06/2022 e no horário 14:00 foi cancelada por motivo de força maior, esperamos que em breve entre em contato e marque uma nova consulta.', 'criado'),
(25, '28432001058', '19356', 'Lamentamos informar que a consulta do seu pet na data 21/06/2022 e no horário 9:00 foi cancelada por motivo de força maior, esperamos que em breve entre em contato e marque uma nova consulta.', 'criado'),
(26, '50178903000', '19356', 'Lamentamos informar que a consulta do seu pet na data 20/06/2022 e no horário 15:00 foi cancelada por motivo de força maior, esperamos que em breve entre em contato e marque uma nova consulta.', 'criado'),
(27, '10563226080', '19356', 'Lamentamos informar que a consulta do seu pet na data 20/06/2022 e no horário 13:00 foi cancelada por motivo de força maior, esperamos que em breve entre em contato e marque uma nova consulta.', 'criado'),
(28, '50107824051', '19356', 'Lamentamos informar que a consulta do seu pet na data 20/06/2022 e no horário 11:00 foi cancelada por motivo de força maior, esperamos que em breve entre em contato e marque uma nova consulta.', 'criado'),
(29, '40577090020', '19356', 'Lamentamos informar que a consulta do seu pet na data 17/06/2022 e no horário 14:00 foi cancelada por motivo de força maior, esperamos que em breve entre em contato e marque uma nova consulta.', 'criado'),
(30, '69526630025', '19356', 'Lamentamos informar que a consulta do seu pet na data 17/06/2022 e no horário 13:00 foi cancelada por motivo de força maior, esperamos que em breve entre em contato e marque uma nova consulta.', 'criado'),
(31, '10216828023', '19356', 'Lamentamos informar que a consulta do seu pet na data 27/05/2022 e no horário 10:00 foi cancelada por motivo de força maior, esperamos que em breve entre em contato e marque uma nova consulta.', 'visualizado'),
(32, '98303349023', '69878', 'Lamentamos informar que a consulta do seu pet na data 06/06/2022 e no horário 8:00 foi cancelada por motivo de força maior, esperamos que em breve entre em contato e marque uma nova consulta.', 'visualizado'),
(33, '32222215021', '19356', 'Lamentamos informar que a consulta do seu pet na data 08/06/2022 e no horário 8:00 foi cancelada por motivo de força maior, esperamos que em breve entre em contato e marque uma nova consulta.', 'visualizado'),
(34, '69526630025', '19356', 'Lamentamos informar que a consulta do seu pet na data 30/05/2022 e no horário 8:00 foi cancelada por motivo de força maior, esperamos que em breve entre em contato e marque uma nova consulta.', 'criado');

-- --------------------------------------------------------

--
-- Estrutura da tabela `clientes`
--

CREATE TABLE `clientes` (
  `cpf` varchar(11) COLLATE utf8_unicode_ci NOT NULL,
  `nome` varchar(140) COLLATE utf8_unicode_ci NOT NULL,
  `telefone` varchar(16) COLLATE utf8_unicode_ci NOT NULL,
  `email` varchar(140) COLLATE utf8_unicode_ci NOT NULL,
  `senha` varchar(32) COLLATE utf8_unicode_ci NOT NULL
) ENGINE=InnoDB DEFAULT CHARSET=utf8 COLLATE=utf8_unicode_ci;

--
-- Extraindo dados da tabela `clientes`
--

INSERT INTO `clientes` (`cpf`, `nome`, `telefone`, `email`, `senha`) VALUES
('10216828023', 'Marina Azevedo', '(11) 92313-2313', 'marina@gmail.com', '81dc9bdb52d04dc20036dbd8313ed055'),
('10563226080', 'Joel Lee', '011943195384', 'senectus.et@outlook.net', '102a2d01d2b3dd83ff9edf2df5c2bd34'),
('16199748000', 'Alma Estrada', '011921663568', 'arcu@hotmail.org', 'fb03696a72947a858a51183a93672448'),
('18109233015', 'Levi Burton', '011984786391', 'nostra.per@google.couk', '66353bb0711a61e97223f861da67d728'),
('20591852039', 'Alexis Mcdonald', '011961771122', 'est@protonmail.ca', '3af19c6c2cafa033e7b05d6d44754709'),
('25004372055', 'Hakeem Sweet', '011986674604', 'lorem@aol.org', '9f385a8935b26609db748a0ae9b681a7'),
('28432001058', 'Haley Nicholson', '011967178250', 'ac.metus.vitae@hotmail.ca', 'e1630a79fd499be0f4d43c9133be86fb'),
('29368625077', 'May Osborn', '011988712536', 'tellus@google.couk', '9571a91db46adcb7b7d0c5b35d0eb2f8'),
('30910234000', 'Tobias Gentry', '011975012634', 'nunc.in@icloud.com', 'e681db8da20ea78b594a506ecbee9b5d'),
('32222215021', 'Leonardo Gomes', '011975452634', 'leon@gmail.com', '81dc9bdb52d04dc20036dbd8313ed055'),
('33210564027', 'Quamar Finley', '011936618543', 'ornare.lectus.justo@hotmail.ca', 'a35c8994badf8b81c5cc952e14a0c228'),
('33925031006', 'Keiko Burgess', '011926257544', 'sed@hotmail.net', 'cfedde95459e7ce156b6a1c1ec4644b4'),
('37702417030', 'Paloma Fulton', '011905023797', 'montes.nascetur@protonmail.com', '071a2039560ab36f1f35a8ed6a2e035d'),
('39551199049', 'Fleur Mack', '011940769174', 'pharetra@protonmail.net', '71c2928f81476f62a3c2cccd57b95792'),
('40577090020', 'Rhiannon Good', '011938555745', 'tempor.augue.ac@icloud.com', '9d31d774bf18eadd6cdc5931e63978ca'),
('46042791010', 'Kaye Shepard', '011974752455', 'amet.massa@hotmail.edu', 'd4566eb1812848130cddd5e323add25b'),
('46901577079', 'Boris Wilder', '011903862213', 'non.dui@google.edu', '015eab84968ad93ca44c4275010c6d99'),
('50107824051', 'Kenneth Ferrell', '011977079814', 'etiam.laoreet@google.couk', '8b91d4251a16f761d9dbbb90019b5de1'),
('50178903000', 'Solomon Blake', '011936839077', 'donec.vitae.erat@aol.org', 'f9e520b409f1eda8607ae5fb3a9e49f0'),
('55128455009', 'Mathias Anemias', '(65) 65165-1651', 'math@gmail.com', '81dc9bdb52d04dc20036dbd8313ed055'),
('59216566078', 'Josephine Blankenship', '011956551128', 'cum@icloud.couk', 'a6b7fcb2ae504b7657cb879edf17eb8f'),
('63755796007', 'Vivian Brown', '011940724865', 'lacus.varius@hotmail.org', 'b4e759ca2c4e935c4852b5fe3f4cdbb9'),
('65866384027', 'Amity Castillo', '011921528896', 'curae.donec.tincidunt@aol.org', '26b536cfe583420ddc9a94f16953694b'),
('69526630025', 'Anjolie Key', '011997689947', 'lorem@outlook.edu', '5f504ecec8c8b888266b6a67b1da24ac'),
('70493333010', 'Cherokee Hunt', '011903776557', 'ante@google.com', '5d70a905fb9cca747f0e5b02bdb56fcb'),
('73686562057', 'Emi Mcneil', '011965991295', 'tortor.at@google.org', '4829665667cd955cd63b2fef8f6cbcc6'),
('79688085022', 'Lee Willis', '011921550832', 'a.enim@protonmail.net', '6c6ea23b3dec4c4599173c418b669912'),
('83284389091', 'Fay Farrell', '011977671117', 'cras.eget@outlook.ca', '425e393b6bbcadce54939238cd2f96a8'),
('84617133038', 'Inga Sheppard', '011945571337', 'hendrerit.donec@aol.couk', '529745ac2e04a6550fc5170b9f25e355'),
('85362516035', 'Isabelle Steele', '011918808658', 'rhoncus.proin.nisl@icloud.ca', 'c385dee8b237199ebf71cdfe2302c7a3'),
('90194801039', 'Veda Day', '011995125135', 'massa@outlook.com', '763e3901bc55e0cdb476fba29d7c7374'),
('96035970079', 'Joventino Ferreira', '(11) 24737-5615', 'jovi@gmail.com', '81dc9bdb52d04dc20036dbd8313ed055'),
('96749070094', 'Chester Anderson', '011967775825', 'faucibus.morbi@aol.edu', '05b8622fb8ba643c67ced2142523f42f'),
('97558361010', 'Murilo Aucides', '(11) 56564-5654', 'murilo@gmail.com', '81dc9bdb52d04dc20036dbd8313ed055'),
('98303349023', 'Nicholas Glover', '011957228716', 'lorem@hotmail.com', '3520ae94cc383469eed286f1441f0a7f');

-- --------------------------------------------------------

--
-- Estrutura da tabela `consultas`
--

CREATE TABLE `consultas` (
  `id_consulta` int(11) NOT NULL,
  `data` date NOT NULL,
  `horario` varchar(5) COLLATE utf8_unicode_ci NOT NULL,
  `crmv_vet` varchar(45) COLLATE utf8_unicode_ci NOT NULL,
  `id_pet` int(11) DEFAULT NULL,
  `descricao` varchar(500) COLLATE utf8_unicode_ci DEFAULT NULL,
  `status` varchar(25) COLLATE utf8_unicode_ci NOT NULL
) ENGINE=InnoDB DEFAULT CHARSET=utf8 COLLATE=utf8_unicode_ci;

--
-- Extraindo dados da tabela `consultas`
--

INSERT INTO `consultas` (`id_consulta`, `data`, `horario`, `crmv_vet`, `id_pet`, `descricao`, `status`) VALUES
(24, '2022-04-29', '14:00', '24148', 56, 'Sunt in culpa qui officia deserunt mollit anim id est laborum', 'realizada'),
(25, '2022-05-24', '10:00', '24148', 27, NULL, 'marcada'),
(26, '2022-05-11', '14:00', '24148', 52, 'Sunt in culpa qui officia deserunt mollit anim id est laborum', 'realizada'),
(29, '2022-05-24', '11:00', '24148', 19, NULL, 'marcada'),
(31, '2022-06-15', '15:00', '24148', 26, NULL, 'marcada'),
(33, '2022-04-29', '16:00', '24148', 1, 'Sunt in culpa qui officia deserunt mollit anim id est laborum', 'realizada'),
(38, '2022-05-18', '10:00', '24148', 26, 'Sunt in culpa qui officia deserunt mollit anim id est laborum', 'realizada'),
(39, '2022-04-29', '9:00', '24148', 3, 'Sunt in culpa qui officia deserunt mollit anim id est laborum', 'realizada'),
(40, '2022-05-31', '9:00', '24148', 5, NULL, 'marcada'),
(42, '2022-05-25', '14:00', '24148', 28, 'Excepteur sint occaecat cupidatat non proident, sunt in culpa qui officia deserunt mollit anim id est laborum', 'realizada'),
(43, '2022-05-04', '8:00', '24148', 26, 'Sunt in culpa qui officia deserunt mollit anim id est laborum', 'realizada'),
(44, '2022-05-31', '15:00', '24148', 21, NULL, 'marcada'),
(49, '2022-05-11', '16:00', '24148', 30, 'Sunt in culpa qui officia deserunt mollit anim id est laborum', 'realizada'),
(50, '2022-06-02', '8:00', '24148', 65, NULL, 'marcada'),
(53, '2022-06-17', '9:00', '24148', 46, NULL, 'marcada'),
(56, '2022-05-20', '9:00', '24148', 3, 'Sunt in culpa qui officia deserunt mollit anim id est laborum', 'realizada'),
(57, '2022-06-15', '11:00', '24148', 68, NULL, 'marcada'),
(58, '2022-06-21', '8:00', '24148', 49, NULL, 'marcada'),
(60, '2022-06-23', '13:00', '24148', 19, NULL, 'marcada'),
(61, '2022-06-09', '11:00', '24148', 64, NULL, 'marcada'),
(63, '2022-06-20', '14:00', '24148', 40, NULL, 'marcada'),
(64, '2022-04-29', '10:00', '24148', 2, 'Sunt in culpa qui officia deserunt mollit anim id est laborum', 'realizada'),
(66, '2022-05-31', '10:00', '24148', 47, NULL, 'marcada'),
(68, '2022-05-05', '9:00', '24148', 40, 'Sunt in culpa qui officia deserunt mollit anim id est laborum', 'realizada'),
(69, '2022-06-03', '10:00', '24148', 50, NULL, 'marcada'),
(76, '2022-06-22', '10:00', '24148', 43, NULL, 'marcada'),
(78, '2022-06-13', '10:00', '24148', 33, NULL, 'marcada'),
(79, '2022-05-19', '9:00', '24148', 30, 'Sunt in culpa qui officia deserunt mollit anim id est laborum', 'realizada'),
(80, '2022-04-27', '8:00', '24148', 55, 'Sunt in culpa qui officia deserunt mollit anim id est laborum', 'realizada'),
(83, '2022-06-15', '10:00', '24148', 25, NULL, 'marcada'),
(84, '2022-05-26', '13:00', '24148', 69, NULL, 'marcada'),
(85, '2022-06-24', '15:00', '24148', 48, NULL, 'marcada'),
(86, '2022-06-24', '11:00', '24148', 31, NULL, 'marcada'),
(87, '2022-06-08', '8:00', '24148', 3, NULL, 'marcada'),
(88, '2022-05-30', '11:00', '24148', 8, NULL, 'marcada'),
(90, '2022-06-01', '11:00', '24148', 38, NULL, 'marcada'),
(91, '2022-05-26', '9:00', '24148', 6, NULL, 'marcada'),
(95, '2022-05-24', '13:00', '24148', 11, NULL, 'marcada'),
(99, '2022-06-10', '10:00', '24148', 32, NULL, 'marcada'),
(100, '2022-06-16', '14:00', '24148', 66, NULL, 'marcada'),
(106, '2022-05-11', '9:00', '24148', 51, 'Sunt in culpa qui officia deserunt mollit anim id est laborum', 'realizada'),
(107, '2022-04-28', '10:00', '24148', 19, 'Sunt in culpa qui officia deserunt mollit anim id est laborum', 'realizada'),
(110, '2022-05-25', '16:00', '24148', 61, NULL, 'marcada'),
(112, '2022-06-07', '13:00', '24148', 42, NULL, 'marcada'),
(113, '2022-05-16', '14:00', '24148', 61, 'Sunt in culpa qui officia deserunt mollit anim id est laborum', 'realizada'),
(115, '2022-05-25', '10:00', '24148', 59, NULL, 'marcada'),
(116, '2022-05-24', '14:00', '24148', 18, NULL, 'marcada'),
(118, '2022-04-27', '16:00', '24148', 36, 'Sunt in culpa qui officia deserunt mollit anim id est laborum', 'realizada'),
(120, '2022-06-23', '10:00', '24148', 69, NULL, 'marcada'),
(122, '2022-05-24', '15:00', '24148', 13, NULL, 'marcada'),
(123, '2022-05-13', '11:00', '24148', 64, 'Sunt in culpa qui officia deserunt mollit anim id est laborum', 'realizada'),
(124, '2022-05-09', '10:00', '24148', 35, 'Sunt in culpa qui officia deserunt mollit anim id est laborum', 'realizada'),
(127, '2022-06-16', '11:00', '24148', 61, NULL, 'marcada'),
(128, '2022-05-18', '16:00', '24148', 49, 'Sunt in culpa qui officia deserunt mollit anim id est laborum', 'realizada'),
(134, '2022-05-03', '10:00', '24148', 30, 'Sunt in culpa qui officia deserunt mollit anim id est laborum', 'realizada'),
(135, '2022-05-19', '14:00', '24148', 17, 'Sunt in culpa qui officia deserunt mollit anim id est laborum', 'realizada'),
(137, '2022-05-10', '13:00', '24148', 35, 'Sunt in culpa qui officia deserunt mollit anim id est laborum', 'realizada'),
(139, '2022-05-20', '10:00', '24148', 49, 'Sunt in culpa qui officia deserunt mollit anim id est laborum', 'realizada'),
(140, '2022-06-02', '16:00', '24148', 53, NULL, 'marcada'),
(141, '2022-05-02', '13:00', '24148', 2, 'Sunt in culpa qui officia deserunt mollit anim id est laborum', 'realizada'),
(142, '2022-06-17', '8:00', '24148', 10, NULL, 'marcada'),
(144, '2022-06-06', '14:00', '24148', 27, NULL, 'marcada'),
(145, '2022-05-13', '13:00', '24148', 57, 'Sunt in culpa qui officia deserunt mollit anim id est laborum', 'realizada'),
(147, '2022-05-04', '11:00', '24148', 66, 'Sunt in culpa qui officia deserunt mollit anim id est laborum', 'realizada'),
(148, '2022-04-27', '14:00', '24148', 19, 'Sunt in culpa qui officia deserunt mollit anim id est laborum', 'realizada'),
(150, '2022-05-18', '14:00', '24148', 6, 'Sunt in culpa qui officia deserunt mollit anim id est laborum', 'realizada'),
(151, '2022-06-13', '15:00', '24148', 21, NULL, 'marcada'),
(152, '2022-06-14', '8:00', '24148', 1, NULL, 'marcada'),
(154, '2022-05-02', '9:00', '24148', 31, 'Sunt in culpa qui officia deserunt mollit anim id est laborum', 'realizada'),
(155, '2022-06-03', '8:00', '24148', 46, NULL, 'marcada'),
(158, '2022-06-13', '13:00', '24148', 2, NULL, 'marcada'),
(159, '2022-05-12', '11:00', '24148', 47, 'Sunt in culpa qui officia deserunt mollit anim id est laborum', 'realizada'),
(160, '2022-06-15', '9:00', '24148', 33, NULL, 'marcada'),
(163, '2022-06-23', '8:00', '24148', 25, NULL, 'marcada'),
(165, '2022-05-16', '9:00', '24148', 37, 'Sunt in culpa qui officia deserunt mollit anim id est laborum', 'realizada'),
(166, '2022-06-03', '13:00', '24148', 18, NULL, 'marcada'),
(167, '2022-05-02', '15:00', '24148', 24, 'Sunt in culpa qui officia deserunt mollit anim id est laborum', 'realizada'),
(168, '2022-06-01', '9:00', '24148', 24, NULL, 'marcada'),
(169, '2022-06-10', '14:00', '24148', 53, NULL, 'marcada'),
(171, '2022-06-03', '16:00', '24148', 6, NULL, 'marcada'),
(176, '2022-05-12', '8:00', '24148', 10, 'Sunt in culpa qui officia deserunt mollit anim id est laborum', 'realizada'),
(177, '2022-06-13', '9:00', '24148', 20, NULL, 'marcada'),
(178, '2022-06-02', '10:00', '24148', 17, NULL, 'marcada'),
(181, '2022-06-07', '14:00', '24148', 65, NULL, 'marcada'),
(182, '2022-04-29', '15:00', '24148', 13, 'Sunt in culpa qui officia deserunt mollit anim id est laborum', 'realizada'),
(186, '2022-06-24', '9:00', '24148', 27, NULL, 'marcada'),
(187, '2022-05-24', '16:00', '24148', 48, NULL, 'marcada'),
(188, '2022-06-13', '16:00', '24148', 15, NULL, 'marcada'),
(190, '2022-05-06', '10:00', '24148', 37, 'Sunt in culpa qui officia deserunt mollit anim id est laborum', 'realizada'),
(192, '2022-06-14', '15:00', '24148', 47, NULL, 'marcada'),
(193, '2022-05-02', '16:00', '24148', 26, 'Sunt in culpa qui officia deserunt mollit anim id est laborum', 'realizada'),
(194, '2022-05-27', '10:00', '24148', 29, NULL, 'marcada'),
(195, '2022-06-17', '14:00', '24148', 32, NULL, 'marcada'),
(196, '2022-06-16', '8:00', '24148', 29, NULL, 'marcada'),
(197, '2022-05-09', '16:00', '24148', 5, 'Sunt in culpa qui officia deserunt mollit anim id est laborum', 'realizada'),
(200, '2022-05-16', '10:00', '24148', 39, 'Sunt in culpa qui officia deserunt mollit anim id est laborum', 'realizada'),
(201, '2022-05-30', '15:00', '24148', 7, NULL, 'marcada'),
(207, '2022-06-06', '8:00', '24148', 29, NULL, 'marcada'),
(208, '2022-06-09', '16:00', '24148', 28, NULL, 'marcada'),
(209, '2022-05-30', '10:00', '24148', 29, NULL, 'marcada'),
(211, '2022-05-25', '9:00', '24148', 38, NULL, 'marcada'),
(212, '2022-05-27', '14:00', '24148', 63, NULL, 'marcada'),
(213, '2022-05-13', '16:00', '24148', 32, 'Sunt in culpa qui officia deserunt mollit anim id est laborum', 'realizada'),
(214, '2022-05-05', '16:00', '24148', 12, 'Sunt in culpa qui officia deserunt mollit anim id est laborum', 'realizada'),
(215, '2022-06-08', '13:00', '24148', 21, NULL, 'marcada'),
(216, '2022-06-08', '10:00', '24148', 38, NULL, 'marcada'),
(217, '2022-04-29', '13:00', '24148', 4, 'Sunt in culpa qui officia deserunt mollit anim id est laborum', 'realizada'),
(219, '2022-05-17', '13:00', '24148', 56, 'Sunt in culpa qui officia deserunt mollit anim id est laborum', 'realizada'),
(220, '2022-05-27', '11:00', '24148', 9, NULL, 'marcada'),
(221, '2022-05-16', '15:00', '24148', 51, 'Sunt in culpa qui officia deserunt mollit anim id est laborum', 'realizada'),
(222, '2022-05-19', '11:00', '24148', 54, 'Sunt in culpa qui officia deserunt mollit anim id est laborum', 'realizada'),
(224, '2022-05-11', '16:00', '69878', 21, 'Sunt in culpa qui officia deserunt mollit anim id est laborum', 'realizada'),
(228, '2022-05-05', '15:00', '69878', 6, 'Sunt in culpa qui officia deserunt mollit anim id est laborum', 'realizada'),
(231, '2022-05-16', '16:00', '69878', 21, 'Sunt in culpa qui officia deserunt mollit anim id est laborum', 'realizada'),
(233, '2022-05-09', '14:00', '69878', 44, 'Sunt in culpa qui officia deserunt mollit anim id est laborum', 'realizada'),
(234, '2022-06-20', '14:00', '69878', 8, NULL, 'marcada'),
(237, '2022-05-02', '14:00', '69878', 44, 'Sunt in culpa qui officia deserunt mollit anim id est laborum', 'realizada'),
(238, '2022-06-21', '14:00', '69878', 45, NULL, 'marcada'),
(243, '2022-05-03', '15:00', '69878', 69, 'Sunt in culpa qui officia deserunt mollit anim id est laborum', 'realizada'),
(250, '2022-06-21', '11:00', '69878', 10, NULL, 'marcada'),
(252, '2022-06-14', '9:00', '69878', 17, NULL, 'marcada'),
(254, '2022-06-17', '14:00', '69878', 25, NULL, 'marcada'),
(260, '2022-05-11', '10:00', '69878', 58, 'Sunt in culpa qui officia deserunt mollit anim id est laborum', 'realizada'),
(261, '2022-05-04', '10:00', '69878', 62, 'Sunt in culpa qui officia deserunt mollit anim id est laborum', 'realizada'),
(267, '2022-05-03', '13:00', '69878', 14, 'Sunt in culpa qui officia deserunt mollit anim id est laborum', 'realizada'),
(270, '2022-05-09', '13:00', '69878', 68, 'Sunt in culpa qui officia deserunt mollit anim id est laborum', 'realizada'),
(272, '2022-06-23', '13:00', '69878', 27, NULL, 'marcada'),
(274, '2022-06-23', '11:00', '69878', 33, NULL, 'marcada'),
(275, '2022-05-06', '13:00', '69878', 24, 'Sunt in culpa qui officia deserunt mollit anim id est laborum', 'realizada'),
(277, '2022-05-03', '14:00', '69878', 19, 'Sunt in culpa qui officia deserunt mollit anim id est laborum', 'realizada'),
(278, '2022-05-10', '8:00', '69878', 13, 'Sunt in culpa qui officia deserunt mollit anim id est laborum', 'realizada'),
(279, '2022-05-20', '14:00', '69878', 42, 'Sunt in culpa qui officia deserunt mollit anim id est laborum', 'realizada'),
(280, '2022-05-27', '14:00', '69878', 64, NULL, 'marcada'),
(283, '2022-06-23', '9:00', '69878', 12, NULL, 'marcada'),
(285, '2022-05-20', '10:00', '69878', 28, 'Sunt in culpa qui officia deserunt mollit anim id est laborum', 'realizada'),
(286, '2022-05-09', '9:00', '69878', 8, 'Sunt in culpa qui officia deserunt mollit anim id est laborum', 'realizada'),
(288, '2022-06-22', '14:00', '69878', 5, NULL, 'marcada'),
(289, '2022-05-13', '15:00', '69878', 68, 'Sunt in culpa qui officia deserunt mollit anim id est laborum', 'realizada'),
(290, '2022-06-06', '16:00', '69878', 2, NULL, 'marcada'),
(291, '2022-06-13', '9:00', '69878', 23, NULL, 'marcada'),
(292, '2022-05-17', '14:00', '69878', 4, 'Sunt in culpa qui officia deserunt mollit anim id est laborum', 'realizada'),
(295, '2022-06-08', '16:00', '69878', 34, NULL, 'marcada'),
(296, '2022-05-23', '10:00', '69878', 27, NULL, 'marcada'),
(297, '2022-06-17', '8:00', '69878', 26, NULL, 'marcada'),
(300, '2022-05-23', '15:00', '69878', 48, NULL, 'marcada'),
(301, '2022-05-17', '15:00', '69878', 16, 'Sunt in culpa qui officia deserunt mollit anim id est laborum', 'realizada'),
(302, '2022-05-03', '16:00', '69878', 57, 'Sunt in culpa qui officia deserunt mollit anim id est laborum', 'realizada'),
(303, '2022-04-27', '8:00', '69878', 67, 'Sunt in culpa qui officia deserunt mollit anim id est laborum', 'realizada'),
(306, '2022-05-18', '8:00', '69878', 18, 'Sunt in culpa qui officia deserunt mollit anim id est laborum', 'realizada'),
(308, '2022-04-29', '15:00', '69878', 47, 'Sunt in culpa qui officia deserunt mollit anim id est laborum', 'realizada'),
(309, '2022-06-08', '13:00', '69878', 4, NULL, 'marcada'),
(311, '2022-05-25', '15:00', '69878', 66, NULL, 'marcada'),
(312, '2022-04-27', '16:00', '69878', 52, 'Sunt in culpa qui officia deserunt mollit anim id est laborum', 'realizada'),
(314, '2022-05-24', '11:00', '69878', 17, NULL, 'marcada'),
(317, '2022-06-23', '15:00', '69878', 67, NULL, 'marcada'),
(319, '2022-06-02', '16:00', '69878', 29, NULL, 'marcada'),
(321, '2022-06-24', '8:00', '69878', 3, NULL, 'marcada'),
(323, '2022-06-01', '11:00', '69878', 16, NULL, 'marcada'),
(327, '2022-05-10', '16:00', '69878', 57, 'Sunt in culpa qui officia deserunt mollit anim id est laborum', 'realizada'),
(329, '2022-05-19', '16:00', '69878', 44, 'Sunt in culpa qui officia deserunt mollit anim id est laborum', 'realizada'),
(330, '2022-05-06', '16:00', '69878', 52, 'Sunt in culpa qui officia deserunt mollit anim id est laborum', 'realizada'),
(332, '2022-06-09', '13:00', '69878', 21, NULL, 'marcada'),
(334, '2022-05-11', '14:00', '69878', 67, 'Sunt in culpa qui officia deserunt mollit anim id est laborum', 'realizada'),
(337, '2022-06-20', '15:00', '69878', 32, NULL, 'marcada'),
(338, '2022-05-11', '11:00', '69878', 38, 'Sunt in culpa qui officia deserunt mollit anim id est laborum', 'realizada'),
(345, '2022-06-15', '15:00', '69878', 36, NULL, 'marcada'),
(346, '2022-06-09', '9:00', '69878', 22, NULL, 'marcada'),
(347, '2022-06-06', '10:00', '69878', 69, NULL, 'marcada'),
(349, '2022-05-18', '13:00', '69878', 25, 'Sunt in culpa qui officia deserunt mollit anim id est laborum', 'realizada'),
(350, '2022-05-13', '8:00', '69878', 15, 'Sunt in culpa qui officia deserunt mollit anim id est laborum', 'realizada'),
(352, '2022-05-11', '15:00', '69878', 61, 'Sunt in culpa qui officia deserunt mollit anim id est laborum', 'realizada'),
(354, '2022-05-19', '10:00', '69878', 63, 'Sunt in culpa qui officia deserunt mollit anim id est laborum', 'realizada'),
(355, '2022-05-13', '14:00', '69878', 17, 'Sunt in culpa qui officia deserunt mollit anim id est laborum', 'realizada'),
(356, '2022-05-05', '9:00', '69878', 34, 'Sunt in culpa qui officia deserunt mollit anim id est laborum', 'realizada'),
(357, '2022-05-30', '9:00', '69878', 14, NULL, 'marcada'),
(358, '2022-06-20', '9:00', '69878', 50, NULL, 'marcada'),
(359, '2022-05-06', '14:00', '69878', 34, 'Sunt in culpa qui officia deserunt mollit anim id est laborum', 'realizada'),
(360, '2022-06-17', '16:00', '69878', 20, NULL, 'marcada'),
(361, '2022-05-25', '13:00', '69878', 11, NULL, 'marcada'),
(362, '2022-06-08', '9:00', '69878', 55, NULL, 'marcada'),
(363, '2022-05-10', '9:00', '69878', 3, 'Sunt in culpa qui officia deserunt mollit anim id est laborum', 'realizada'),
(366, '2022-05-30', '10:00', '69878', 28, NULL, 'marcada'),
(367, '2022-04-29', '14:00', '69878', 13, 'Sunt in culpa qui officia deserunt mollit anim id est laborum', 'realizada'),
(368, '2022-06-24', '13:00', '69878', 43, NULL, 'marcada'),
(369, '2022-06-15', '11:00', '69878', 53, NULL, 'marcada'),
(372, '2022-05-26', '14:00', '69878', 19, NULL, 'marcada'),
(377, '2022-05-10', '13:00', '69878', 56, 'Sunt in culpa qui officia deserunt mollit anim id est laborum', 'realizada'),
(378, '2022-05-12', '14:00', '69878', 43, 'Sunt in culpa qui officia deserunt mollit anim id est laborum', 'realizada'),
(379, '2022-05-12', '11:00', '69878', 4, 'Sunt in culpa qui officia deserunt mollit anim id est laborum', 'realizada'),
(381, '2022-04-28', '15:00', '69878', 52, 'Sunt in culpa qui officia deserunt mollit anim id est laborum', 'realizada'),
(382, '2022-06-07', '13:00', '69878', 13, NULL, 'marcada'),
(384, '2022-06-10', '8:00', '69878', 14, NULL, 'marcada'),
(385, '2022-06-23', '10:00', '69878', 31, NULL, 'marcada'),
(387, '2022-05-20', '15:00', '69878', 29, 'Sunt in culpa qui officia deserunt mollit anim id est laborum', 'realizada'),
(388, '2022-06-21', '15:00', '69878', 6, NULL, 'marcada'),
(389, '2022-06-14', '10:00', '69878', 29, NULL, 'marcada'),
(390, '2022-05-04', '15:00', '69878', 12, 'Sunt in culpa qui officia deserunt mollit anim id est laborum', 'realizada'),
(393, '2022-05-19', '9:00', '69878', 13, 'Sunt in culpa qui officia deserunt mollit anim id est laborum', 'realizada'),
(394, '2022-05-24', '8:00', '69878', 30, NULL, 'marcada'),
(396, '2022-05-31', '8:00', '69878', 38, NULL, 'marcada'),
(397, '2022-05-09', '10:00', '69878', 22, 'Sunt in culpa qui officia deserunt mollit anim id est laborum', 'realizada'),
(398, '2022-04-29', '8:00', '69878', 29, 'Sunt in culpa qui officia deserunt mollit anim id est laborum', 'realizada'),
(400, '2022-05-23', '13:00', '69878', 39, NULL, 'marcada'),
(401, '2022-06-16', '11:00', '69878', 3, NULL, 'marcada'),
(402, '2022-06-02', '9:00', '69878', 63, NULL, 'marcada'),
(403, '2022-06-10', '13:00', '69878', 19, NULL, 'marcada'),
(404, '2022-06-14', '13:00', '69878', 64, NULL, 'marcada'),
(405, '2022-05-11', '9:00', '69878', 9, 'Sunt in culpa qui officia deserunt mollit anim id est laborum', 'realizada'),
(406, '2022-05-13', '9:00', '69878', 37, 'Sunt in culpa qui officia deserunt mollit anim id est laborum', 'realizada'),
(407, '2022-05-26', '15:00', '69878', 45, NULL, 'marcada'),
(408, '2022-05-31', '14:00', '69878', 56, NULL, 'marcada'),
(409, '2022-05-27', '13:00', '69878', 21, NULL, 'marcada'),
(410, '2022-06-07', '8:00', '69878', 25, NULL, 'marcada'),
(411, '2022-06-02', '15:00', '69878', 31, NULL, 'marcada'),
(412, '2022-05-30', '14:00', '69878', 54, NULL, 'marcada'),
(413, '2022-04-29', '11:00', '69878', 36, 'Sunt in culpa qui officia deserunt mollit anim id est laborum', 'realizada'),
(415, '2022-06-16', '8:00', '69878', 21, NULL, 'marcada'),
(416, '2022-06-22', '15:00', '69878', 12, NULL, 'marcada'),
(417, '2022-05-12', '15:00', '69878', 25, 'Sunt in culpa qui officia deserunt mollit anim id est laborum', 'realizada'),
(418, '2022-06-10', '14:00', '69878', 63, NULL, 'marcada'),
(419, '2022-05-18', '16:00', '69878', 45, 'Sunt in culpa qui officia deserunt mollit anim id est laborum', 'realizada'),
(420, '2022-05-26', '10:00', '69878', 39, NULL, 'marcada'),
(422, '2022-06-24', '11:00', '69878', 49, NULL, 'marcada'),
(426, '2022-06-13', '13:00', '19356', 34, NULL, 'marcada'),
(431, '2022-05-10', '8:00', '19356', 53, 'Sunt in culpa qui officia deserunt mollit anim id est laborum', 'realizada'),
(434, '2022-05-18', '8:00', '19356', 66, 'Sunt in culpa qui officia deserunt mollit anim id est laborum', 'realizada'),
(435, '2022-06-10', '10:00', '19356', 46, NULL, 'marcada'),
(438, '2022-05-16', '11:00', '19356', 67, 'Sunt in culpa qui officia deserunt mollit anim id est laborum', 'realizada'),
(439, '2022-06-21', '16:00', '19356', NULL, NULL, 'bloqueado'),
(441, '2022-05-06', '14:00', '19356', 64, 'Sunt in culpa qui officia deserunt mollit anim id est laborum', 'realizada'),
(444, '2022-06-17', '9:00', '19356', 23, NULL, 'marcada'),
(445, '2022-05-31', '15:00', '19356', 66, NULL, 'marcada'),
(447, '2022-05-20', '15:00', '19356', 44, 'Sunt in culpa qui officia deserunt mollit anim id est laborum', 'realizada'),
(448, '2022-05-03', '11:00', '19356', 20, 'Sunt in culpa qui officia deserunt mollit anim id est laborum', 'realizada'),
(451, '2022-06-14', '13:00', '19356', 26, NULL, 'marcada'),
(452, '2022-05-26', '8:00', '19356', 68, NULL, 'marcada'),
(453, '2022-06-17', '11:00', '19356', 29, NULL, 'marcada'),
(454, '2022-06-20', '15:00', '19356', NULL, NULL, 'bloqueado'),
(459, '2022-06-16', '10:00', '19356', 8, NULL, 'marcada'),
(460, '2022-05-19', '15:00', '19356', 56, 'mauris sagittis placerat. Cras dictum ultricies ligula.', 'realizada'),
(472, '2022-06-02', '10:00', '19356', 69, NULL, 'marcada'),
(475, '2022-05-19', '10:00', '19356', 39, 'Sunt in culpa qui officia deserunt mollit anim id est laborum', 'realizada'),
(476, '2022-05-04', '11:00', '19356', 59, 'Sunt in culpa qui officia deserunt mollit anim id est laborum', 'realizada'),
(477, '2022-05-11', '10:00', '19356', NULL, NULL, 'bloqueado'),
(479, '2022-05-04', '16:00', '19356', 20, 'Sunt in culpa qui officia deserunt mollit anim id est laborum', 'realizada'),
(483, '2022-04-29', '16:00', '19356', 27, 'Sunt in culpa qui officia deserunt mollit anim id est laborum', 'realizada'),
(484, '2022-06-17', '13:00', '19356', NULL, NULL, 'bloqueado'),
(485, '2022-05-03', '8:00', '19356', 24, 'Sunt in culpa qui officia deserunt mollit anim id est laborum', 'realizada'),
(486, '2022-06-16', '13:00', '19356', 54, NULL, 'marcada'),
(487, '2022-06-03', '9:00', '19356', NULL, NULL, 'bloqueado'),
(492, '2022-06-09', '8:00', '19356', 41, NULL, 'marcada'),
(493, '2022-05-09', '9:00', '19356', 63, 'Sunt in culpa qui officia deserunt mollit anim id est laborum', 'realizada'),
(495, '2022-06-14', '15:00', '19356', 39, NULL, 'marcada'),
(496, '2022-06-06', '15:00', '19356', NULL, NULL, 'bloqueado'),
(497, '2022-05-12', '11:00', '19356', 7, 'Sunt in culpa qui officia deserunt mollit anim id est laborum', 'realizada'),
(498, '2022-05-23', '15:00', '19356', 56, NULL, 'marcada'),
(499, '2022-06-20', '11:00', '19356', NULL, NULL, 'bloqueado'),
(500, '2022-04-27', '8:00', '19356', 57, 'Sunt in culpa qui officia deserunt mollit anim id est laborum', 'realizada'),
(501, '2022-05-16', '8:00', '19356', 65, 'Sunt in culpa qui officia deserunt mollit anim id est laborum', 'realizada'),
(505, '2022-05-10', '9:00', '19356', 41, 'Sunt in culpa qui officia deserunt mollit anim id est laborum', 'realizada'),
(506, '2022-06-21', '9:00', '19356', NULL, NULL, 'bloqueado'),
(507, '2022-06-17', '14:00', '19356', NULL, NULL, 'bloqueado'),
(511, '2022-05-04', '14:00', '19356', 11, 'Sunt in culpa qui officia deserunt mollit anim id est laborum', 'realizada'),
(513, '2022-05-04', '13:00', '19356', 32, 'Sunt in culpa qui officia deserunt mollit anim id est laborum', 'realizada'),
(515, '2022-05-16', '14:00', '19356', 17, 'Sunt in culpa qui officia deserunt mollit anim id est laborum', 'realizada'),
(516, '2022-06-24', '13:00', '19356', 65, NULL, 'marcada'),
(517, '2022-05-18', '11:00', '19356', 47, 'engoliu bola de pelos', 'realizada'),
(518, '2022-05-23', '8:00', '19356', 14, 'Sunt in culpa qui officia deserunt mollit anim id est laborum', 'realizada'),
(519, '2022-06-20', '13:00', '19356', NULL, NULL, 'bloqueado'),
(520, '2022-05-13', '9:00', '19356', 2, 'Apenas check-up, tudo ok', 'realizada'),
(523, '2022-05-02', '16:00', '19356', 21, 'Sunt in culpa qui officia deserunt mollit anim id est laborum', 'realizada'),
(524, '2022-06-06', '14:00', '19356', NULL, NULL, 'bloqueado'),
(525, '2022-06-01', '15:00', '19356', 34, NULL, 'marcada'),
(526, '2022-05-30', '16:00', '19356', 26, NULL, 'marcada'),
(527, '2022-06-21', '14:00', '19356', NULL, NULL, 'bloqueado'),
(528, '2022-04-29', '15:00', '19356', 8, 'Sunt in culpa qui officia deserunt mollit anim id est laborum', 'realizada'),
(531, '2022-05-06', '13:00', '19356', 31, 'Sunt in culpa qui officia deserunt mollit anim id est laborum', 'realizada'),
(533, '2022-06-23', '14:00', '19356', 53, NULL, 'marcada'),
(534, '2022-04-26', '15:00', '19356', 49, 'Sunt in culpa qui officia deserunt mollit anim id est laborum', 'realizada'),
(536, '2022-06-15', '10:00', '19356', 62, NULL, 'marcada'),
(538, '2022-06-24', '11:00', '19356', 37, NULL, 'marcada'),
(540, '2022-05-18', '14:00', '19356', 19, 'Sunt in culpa qui officia deserunt mollit anim id est laborum', 'realizada'),
(541, '2022-06-13', '15:00', '19356', 43, NULL, 'marcada'),
(548, '2022-06-01', '9:00', '19356', 13, NULL, 'marcada'),
(550, '2022-05-06', '11:00', '19356', NULL, NULL, 'bloqueado'),
(551, '2022-06-15', '9:00', '19356', 9, NULL, 'marcada'),
(553, '2022-05-12', '16:00', '19356', 37, 'Sunt in culpa qui officia deserunt mollit anim id est laborum', 'realizada'),
(556, '2022-05-12', '14:00', '19356', 4, 'Sunt in culpa qui officia deserunt mollit anim id est laborum', 'realizada'),
(557, '2022-05-11', '16:00', '19356', NULL, NULL, 'bloqueado'),
(558, '2022-06-23', '11:00', '19356', 60, NULL, 'marcada'),
(559, '2022-06-10', '9:00', '19356', 69, NULL, 'marcada'),
(560, '2022-05-10', '13:00', '19356', 32, 'Sunt in culpa qui officia deserunt mollit anim id est laborum', 'realizada'),
(563, '2022-05-13', '16:00', '19356', 59, 'artrite reumatoide', 'realizada'),
(564, '2022-06-07', '10:00', '19356', NULL, NULL, 'bloqueado'),
(568, '2022-04-27', '14:00', '19356', 59, 'Sunt in culpa qui officia deserunt mollit anim id est laborum', 'realizada'),
(569, '2022-06-16', '15:00', '19356', 17, NULL, 'marcada'),
(570, '2022-06-16', '16:00', '19356', 57, NULL, 'marcada'),
(575, '2022-05-23', '13:00', '19356', 16, NULL, 'marcada'),
(577, '2022-06-23', '9:00', '19356', 35, NULL, 'marcada'),
(578, '2022-05-19', '16:00', '19356', NULL, NULL, 'bloqueado'),
(579, '2022-05-19', '14:00', '19356', 55, 'Sunt in culpa qui officia deserunt mollit anim id est laborum', 'realizada'),
(581, '2022-05-12', '8:00', '19356', 7, 'Sunt in culpa qui officia deserunt mollit anim id est laborum', 'realizada'),
(582, '2022-05-17', '11:00', '19356', 18, 'Sunt in culpa qui officia deserunt mollit anim id est laborum', 'realizada'),
(584, '2022-06-06', '8:00', '19356', NULL, NULL, 'bloqueado'),
(585, '2022-05-04', '9:00', '19356', 8, 'Sunt in culpa qui officia deserunt mollit anim id est laborum', 'realizada'),
(586, '2022-06-02', '9:00', '19356', 11, NULL, 'marcada'),
(587, '2022-05-11', '9:00', '19356', 56, 'Sunt in culpa qui officia deserunt mollit anim id est laborum', 'realizada'),
(589, '2022-05-31', '8:00', '19356', 11, NULL, 'marcada'),
(591, '2022-06-08', '14:00', '19356', 48, NULL, 'marcada'),
(594, '2022-06-13', '16:00', '19356', 6, NULL, 'marcada'),
(595, '2022-06-16', '8:00', '19356', 34, NULL, 'marcada'),
(596, '2022-05-24', '9:00', '19356', 28, NULL, 'marcada'),
(599, '2022-04-28', '11:00', '19356', 7, 'Sunt in culpa qui officia deserunt mollit anim id est laborum', 'realizada'),
(600, '2022-06-24', '14:00', '19356', 24, NULL, 'marcada'),
(603, '2022-05-30', '8:00', '19356', NULL, NULL, 'bloqueado'),
(605, '2022-06-15', '15:00', '19356', 47, NULL, 'marcada'),
(606, '2022-06-15', '11:00', '19356', 39, NULL, 'marcada'),
(610, '2022-05-12', '10:00', '19356', 45, 'Sunt in culpa qui officia deserunt mollit anim id est laborum', 'realizada'),
(612, '2022-05-03', '14:00', '19356', 1, 'Sunt in culpa qui officia deserunt mollit anim id est laborum', 'realizada'),
(613, '2022-06-23', '13:00', '19356', 28, NULL, 'marcada'),
(614, '2022-06-08', '10:00', '19356', 29, NULL, 'marcada'),
(616, '2022-05-06', '16:00', '19356', 3, 'Sunt in culpa qui officia deserunt mollit anim id est laborum', 'realizada'),
(617, '2022-06-07', '11:00', '19356', NULL, NULL, 'bloqueado'),
(623, '2022-06-03', '16:00', '19356', NULL, NULL, 'bloqueado'),
(630, '2022-03-17', '14:00', '19356', 27, 'elit, a feugiat tellus lorem eu metus. In lorem. Donec', 'realizada'),
(631, '2022-03-29', '9:00', '19356', 65, 'sem magna nec', 'realizada'),
(633, '2022-04-05', '8:00', '19356', 19, 'malesuada augue ut lacus. Nulla tincidunt, neque vitae semper', 'realizada'),
(634, '2022-04-04', '14:00', '19356', 55, 'nec enim.', 'realizada'),
(636, '2022-03-02', '10:00', '19356', 64, 'nec enim. Nunc ut erat. Sed nunc est, mollis non, cursus non, egestas a, dui.', 'realizada'),
(637, '2022-04-12', '14:00', '19356', 39, 'penatibus et magnis dis parturient montes, nascetur ridiculus mus. Proin vel', 'realizada'),
(641, '2022-03-15', '10:00', '19356', 15, 'torquent per conubia nostra, per inceptos hymenaeos. Mauris ut quam vel', 'realizada'),
(643, '2022-03-25', '13:00', '19356', 56, 'taciti sociosqu ad litora torquent per', 'realizada'),
(644, '2022-03-18', '9:00', '19356', 63, 'suscipit, est ac facilisis facilisis, magna tellus faucibus leo, in', 'realizada'),
(645, '2022-04-22', '9:00', '19356', 3, 'eu, accumsan sed,', 'realizada'),
(646, '2022-03-16', '14:00', '19356', 16, 'odio a purus. Duis elementum, dui quis accumsan convallis, ante lectus', 'realizada'),
(647, '2022-03-29', '10:00', '19356', 43, 'non justo. Proin', 'realizada'),
(649, '2022-03-25', '16:00', '19356', 10, 'a odio semper cursus. Integer', 'realizada'),
(652, '2022-03-04', '10:00', '19356', 19, 'dolor elit, pellentesque a, facilisis non,', 'realizada'),
(654, '2022-03-23', '16:00', '19356', 47, 'non,', 'realizada'),
(657, '2022-03-03', '9:00', '19356', 2, 'sem. Nulla interdum. Curabitur dictum. Phasellus in felis. Nulla', 'realizada'),
(658, '2022-04-04', '15:00', '19356', 43, 'Cras sed leo. Cras vehicula aliquet libero.', 'realizada'),
(659, '2022-03-24', '9:00', '19356', 42, 'dolor sit amet, consectetuer adipiscing elit. Curabitur sed tortor.', 'realizada'),
(662, '2022-04-19', '10:00', '19356', 13, 'adipiscing fringilla, porttitor vulputate,', 'realizada'),
(663, '2022-04-12', '13:00', '19356', 19, 'Donec felis orci, adipiscing non,', 'realizada'),
(665, '2022-03-09', '16:00', '19356', 21, 'convallis erat, eget tincidunt dui augue eu tellus. Phasellus elit pede, malesuada vel,', 'realizada'),
(666, '2022-03-29', '15:00', '19356', 61, 'sit amet metus. Aliquam erat volutpat. Nulla facilisis. Suspendisse commodo tincidunt', 'realizada'),
(672, '2022-04-12', '15:00', '19356', 41, 'erat vitae risus. Duis a mi fringilla mi lacinia mattis. Integer eu', 'realizada'),
(673, '2022-03-11', '8:00', '19356', 29, 'Pellentesque ut ipsum ac', 'realizada'),
(675, '2022-03-03', '8:00', '19356', 56, 'nec, diam. Duis mi enim, condimentum eget, volutpat ornare, facilisis eget, ipsum. Donec sollicitudin adipiscing', 'realizada'),
(677, '2022-03-02', '8:00', '19356', 54, 'ipsum ac', 'realizada'),
(678, '2022-04-08', '11:00', '19356', 26, 'odio, auctor vitae, aliquet nec, imperdiet nec, leo. Morbi neque tellus, imperdiet non, vestibulum', 'realizada'),
(681, '2022-03-21', '8:00', '19356', 65, 'nulla. Cras eu tellus eu augue porttitor', 'realizada'),
(683, '2022-03-31', '13:00', '19356', 27, 'eget magna. Suspendisse tristique neque', 'realizada'),
(685, '2022-03-29', '13:00', '19356', 2, 'sem. Pellentesque ut ipsum ac mi eleifend egestas.', 'realizada'),
(686, '2022-04-18', '15:00', '19356', 66, 'egestas lacinia. Sed congue, elit sed consequat auctor, nunc', 'realizada'),
(688, '2022-03-14', '9:00', '19356', 27, 'fermentum risus,', 'realizada'),
(690, '2022-04-12', '9:00', '19356', 13, 'lacus. Quisque purus sapien, gravida non, sollicitudin a, malesuada id, erat. Etiam vestibulum', 'realizada'),
(692, '2022-03-14', '11:00', '19356', 31, 'dictum eleifend, nunc risus varius orci, in consequat enim diam vel', 'realizada'),
(693, '2022-03-16', '15:00', '19356', 21, 'ligula. Nullam feugiat placerat velit.', 'realizada'),
(695, '2022-03-16', '13:00', '19356', 18, 'vitae, posuere at, velit. Cras', 'realizada'),
(696, '2022-03-21', '10:00', '19356', 49, 'Curabitur dictum. Phasellus in felis. Nulla tempor', 'realizada'),
(697, '2022-03-09', '10:00', '19356', 11, 'tellus non magna. Nam ligula elit,', 'realizada'),
(699, '2022-03-11', '13:00', '19356', 59, 'a ultricies adipiscing, enim mi tempor lorem,', 'realizada'),
(700, '2022-04-07', '13:00', '19356', 34, 'Mauris quis turpis vitae purus gravida sagittis. Duis gravida.', 'realizada'),
(702, '2022-03-15', '11:00', '19356', 28, 'turpis. In condimentum. Donec at arcu. Vestibulum ante ipsum primis in faucibus', 'realizada'),
(703, '2022-03-22', '11:00', '19356', 41, 'Maecenas malesuada fringilla est. Mauris', 'realizada'),
(705, '2022-04-19', '9:00', '19356', 51, 'per inceptos hymenaeos. Mauris ut quam', 'realizada'),
(707, '2022-03-30', '9:00', '19356', 32, 'nisi. Mauris nulla. Integer urna. Vivamus', 'realizada'),
(708, '2022-03-03', '10:00', '19356', 50, 'malesuada id, erat. Etiam vestibulum massa rutrum magna. Cras convallis', 'realizada'),
(710, '2022-04-13', '8:00', '19356', 40, 'Nulla semper tellus id nunc interdum feugiat. Sed nec metus facilisis lorem tristique aliquet.', 'realizada'),
(711, '2022-04-14', '10:00', '19356', 40, 'cursus vestibulum. Mauris magna. Duis dignissim tempor arcu. Vestibulum', 'realizada'),
(713, '2022-03-04', '13:00', '19356', 11, 'nulla. Integer urna. Vivamus molestie', 'realizada'),
(714, '2022-03-11', '14:00', '19356', 2, 'Donec dignissim magna a tortor. Nunc commodo auctor velit. Aliquam', 'realizada'),
(715, '2022-03-01', '16:00', '19356', 27, 'Pellentesque tincidunt tempus risus. Donec', 'realizada'),
(716, '2022-04-04', '13:00', '19356', 41, 'nunc. Quisque ornare tortor at risus. Nunc ac sem ut dolor dapibus gravida.', 'realizada'),
(717, '2022-04-18', '11:00', '19356', 2, 'dignissim. Maecenas ornare egestas ligula. Nullam feugiat placerat velit. Quisque varius. Nam porttitor scelerisque neque.', 'realizada'),
(718, '2022-04-05', '15:00', '19356', 17, 'mattis ornare,', 'realizada'),
(720, '2022-04-20', '10:00', '19356', 52, 'Nunc laoreet', 'realizada'),
(721, '2022-03-02', '11:00', '19356', 64, 'ac orci. Ut semper pretium neque. Morbi quis urna. Nunc quis arcu', 'realizada'),
(723, '2022-02-28', '8:00', '19356', 54, 'eget lacus. Mauris non dui nec urna suscipit nonummy. Fusce fermentum', 'realizada'),
(724, '2022-04-07', '9:00', '19356', 45, 'leo elementum sem, vitae aliquam eros turpis non enim. Mauris', 'realizada'),
(725, '2022-04-04', '9:00', '19356', 23, 'erat. Etiam vestibulum massa rutrum magna. Cras convallis', 'realizada'),
(729, '2022-03-31', '11:00', '19356', 22, 'sit amet, risus. Donec nibh enim, gravida sit amet, dapibus', 'realizada'),
(730, '2022-04-21', '13:00', '19356', 56, 'quam a', 'realizada'),
(734, '2022-04-01', '13:00', '19356', 46, 'congue a, aliquet vel,', 'realizada'),
(735, '2022-03-14', '16:00', '19356', 9, 'elementum purus, accumsan interdum', 'realizada'),
(736, '2022-04-21', '14:00', '19356', 13, 'arcu vel quam dignissim pharetra. Nam ac', 'realizada'),
(737, '2022-03-10', '9:00', '19356', 53, 'Cum', 'realizada'),
(738, '2022-04-01', '14:00', '19356', 60, 'penatibus et magnis dis parturient montes, nascetur ridiculus mus.', 'realizada'),
(739, '2022-03-31', '9:00', '19356', 31, 'vulputate eu, odio. Phasellus', 'realizada'),
(742, '2022-04-14', '15:00', '19356', 48, 'lorem ut aliquam iaculis, lacus pede sagittis augue, eu tempor erat', 'realizada'),
(744, '2022-03-10', '15:00', '19356', 59, 'Donec luctus aliquet odio. Etiam ligula tortor, dictum eu, placerat eget, venenatis a, magna.', 'realizada'),
(745, '2022-03-28', '16:00', '19356', 24, 'magnis dis', 'realizada'),
(749, '2022-04-20', '15:00', '19356', 34, 'neque. Nullam ut nisi a odio semper', 'realizada'),
(753, '2022-03-02', '15:00', '19356', 28, 'Quisque purus sapien, gravida non, sollicitudin a, malesuada', 'realizada'),
(754, '2022-04-01', '11:00', '19356', 55, 'purus ac tellus.', 'realizada'),
(755, '2022-04-11', '9:00', '19356', 32, 'mattis velit justo nec ante. Maecenas mi felis, adipiscing fringilla, porttitor vulputate, posuere', 'realizada'),
(756, '2022-03-11', '11:00', '19356', 52, 'pede, malesuada vel, venenatis vel, faucibus id,', 'realizada'),
(759, '2022-04-07', '8:00', '19356', 70, 'molestie. Sed id risus quis diam luctus lobortis. Class aptent taciti sociosqu', 'realizada'),
(761, '2022-03-30', '15:00', '19356', 36, 'Quisque ac libero nec ligula consectetuer rhoncus. Nullam velit dui, semper et,', 'realizada'),
(763, '2022-03-25', '9:00', '19356', 14, 'Donec sollicitudin adipiscing ligula. Aenean gravida nunc sed pede. Cum sociis natoque', 'realizada'),
(764, '2022-03-10', '16:00', '19356', 25, 'nulla at sem molestie sodales. Mauris blandit', 'realizada'),
(766, '2022-04-18', '16:00', '19356', 47, 'mollis non, cursus non, egestas a, dui. Cras pellentesque. Sed dictum. Proin eget odio.', 'realizada'),
(768, '2022-03-02', '16:00', '19356', 51, 'penatibus et magnis dis parturient montes, nascetur ridiculus mus. Aenean eget magna.', 'realizada'),
(770, '2022-03-14', '10:00', '19356', 19, 'enim mi tempor lorem, eget mollis lectus pede et', 'realizada'),
(772, '2022-04-15', '13:00', '19356', 33, 'Mauris vel turpis. Aliquam adipiscing lobortis risus. In mi pede, nonummy ut, molestie in,', 'realizada'),
(773, '2022-03-17', '15:00', '19356', 16, 'risus. Morbi metus. Vivamus euismod urna. Nullam lobortis quam a felis ullamcorper viverra. Maecenas iaculis', 'realizada'),
(774, '2022-04-13', '16:00', '19356', 38, 'pellentesque, tellus sem mollis dui, in sodales elit erat vitae risus.', 'realizada'),
(775, '2022-03-25', '15:00', '19356', 62, 'non enim commodo hendrerit. Donec porttitor tellus non magna. Nam ligula elit, pretium et,', 'realizada'),
(776, '2022-04-12', '8:00', '19356', 5, 'ac mattis ornare, lectus ante dictum mi, ac mattis velit justo nec ante. Maecenas', 'realizada'),
(777, '2022-03-10', '11:00', '19356', 42, 'cursus a,', 'realizada'),
(782, '2022-04-11', '10:00', '19356', 19, 'penatibus et magnis', 'realizada'),
(783, '2022-03-15', '8:00', '19356', 31, 'odio. Aliquam vulputate ullamcorper magna. Sed', 'realizada'),
(784, '2022-04-20', '11:00', '19356', 26, 'gravida sit amet, dapibus', 'realizada'),
(785, '2022-03-17', '13:00', '19356', 13, 'eros. Nam consequat dolor', 'realizada'),
(788, '2022-03-08', '13:00', '19356', 43, 'ac mattis ornare, lectus ante dictum mi, ac', 'realizada'),
(789, '2022-04-20', '8:00', '19356', 16, 'aliquet magna a neque. Nullam', 'realizada'),
(790, '2022-04-11', '15:00', '19356', 17, 'Integer vitae nibh. Donec est mauris, rhoncus id,', 'realizada'),
(791, '2022-03-17', '11:00', '19356', 64, 'nec ante. Maecenas mi felis, adipiscing', 'realizada'),
(794, '2022-03-21', '11:00', '19356', 15, 'tincidunt pede ac urna. Ut tincidunt vehicula risus. Nulla eget metus', 'realizada'),
(795, '2022-04-11', '16:00', '19356', 5, 'turpis nec mauris blandit mattis. Cras eget nisi dictum augue malesuada malesuada. Integer', 'realizada'),
(796, '2022-03-22', '8:00', '19356', 70, 'aliquam iaculis, lacus pede sagittis augue,', 'realizada'),
(798, '2022-04-06', '9:00', '19356', 32, 'posuere cubilia Curae Phasellus ornare.', 'realizada'),
(799, '2022-04-15', '14:00', '19356', 27, 'consequat purus. Maecenas libero est, congue a, aliquet', 'realizada'),
(802, '2022-03-22', '15:00', '19356', 3, 'ante ipsum primis in faucibus orci luctus et ultrices posuere cubilia Curae Donec tincidunt. Donec', 'realizada'),
(803, '2022-04-19', '11:00', '19356', 4, 'Aliquam nisl. Nulla eu neque pellentesque massa lobortis ultrices. Vivamus rhoncus. Donec', 'realizada'),
(804, '2022-04-20', '14:00', '19356', 49, 'magna sed dui. Fusce aliquam, enim nec tempus scelerisque, lorem ipsum sodales purus,', 'realizada'),
(807, '2022-04-01', '8:00', '19356', 56, 'odio. Phasellus at', 'realizada'),
(808, '2022-03-15', '13:00', '19356', 53, 'mi tempor lorem, eget mollis lectus pede', 'realizada'),
(809, '2022-03-11', '9:00', '19356', 66, 'consequat nec, mollis vitae, posuere at, velit. Cras', 'realizada'),
(811, '2022-03-01', '15:00', '19356', 59, 'ultricies', 'realizada'),
(812, '2022-03-24', '8:00', '19356', 40, 'elit, dictum eu, eleifend nec, malesuada ut, sem. Nulla interdum. Curabitur', 'realizada'),
(814, '2022-03-16', '8:00', '19356', 51, 'ante ipsum primis in faucibus orci luctus et', 'realizada'),
(815, '2022-03-10', '8:00', '19356', 57, 'in consectetuer ipsum nunc id enim. Curabitur massa. Vestibulum accumsan neque', 'realizada'),
(816, '2022-04-07', '10:00', '19356', 58, 'eget magna. Suspendisse tristique neque venenatis', 'realizada'),
(817, '2022-04-06', '16:00', '19356', 16, 'ullamcorper magna.', 'realizada'),
(818, '2022-03-14', '8:00', '19356', 45, 'et libero. Proin mi. Aliquam gravida mauris ut mi. Duis risus odio, auctor vitae, aliquet', 'realizada'),
(819, '2022-02-28', '14:00', '19356', 8, 'posuere cubilia', 'realizada'),
(820, '2022-03-16', '9:00', '19356', 43, 'Donec fringilla. Donec feugiat metus sit', 'realizada'),
(821, '2022-03-28', '10:00', '19356', 35, 'pede. Nunc sed orci lobortis augue scelerisque mollis.', 'realizada'),
(822, '2022-04-05', '13:00', '19356', 7, 'id sapien. Cras dolor dolor, tempus non, lacinia at, iaculis quis,', 'realizada'),
(823, '2022-04-11', '14:00', '19356', 37, 'ipsum sodales purus, in molestie tortor nibh sit amet orci. Ut sagittis lobortis', 'realizada'),
(824, '2022-03-21', '13:00', '24148', 33, 'primis in faucibus orci luctus et ultrices', 'realizada'),
(826, '2022-04-22', '10:00', '24148', 14, 'sit amet, consectetuer adipiscing elit. Etiam laoreet, libero et tristique pellentesque, tellus sem mollis', 'realizada'),
(827, '2022-03-08', '9:00', '24148', 3, 'hendrerit. Donec porttitor tellus non magna. Nam ligula elit, pretium et, rutrum non,', 'realizada'),
(828, '2022-03-15', '9:00', '24148', 50, 'laoreet posuere, enim', 'realizada'),
(829, '2022-03-16', '9:00', '24148', 58, 'Sed nunc est, mollis non, cursus non,', 'realizada'),
(834, '2022-03-25', '9:00', '24148', 64, 'Cras interdum. Nunc', 'realizada'),
(836, '2022-04-14', '15:00', '24148', 19, 'malesuada fames ac turpis egestas. Fusce aliquet magna a', 'realizada'),
(839, '2022-03-09', '11:00', '24148', 55, 'Integer eu lacus. Quisque imperdiet, erat nonummy ultricies ornare, elit', 'realizada'),
(840, '2022-03-15', '11:00', '24148', 15, 'Suspendisse sagittis. Nullam vitae diam. Proin dolor. Nulla semper tellus id nunc', 'realizada'),
(842, '2022-04-20', '11:00', '24148', 33, 'faucibus orci luctus et ultrices posuere cubilia', 'realizada'),
(845, '2022-03-30', '11:00', '24148', 10, 'ridiculus mus. Aenean', 'realizada'),
(846, '2022-03-21', '8:00', '24148', 43, 'mauris', 'realizada'),
(851, '2022-03-18', '8:00', '24148', 5, 'enim commodo hendrerit. Donec porttitor tellus', 'realizada'),
(855, '2022-03-28', '10:00', '24148', 42, 'consectetuer adipiscing elit. Aliquam auctor, velit eget laoreet posuere, enim nisl elementum', 'realizada'),
(858, '2022-03-04', '10:00', '24148', 15, 'quis diam. Pellentesque habitant morbi tristique senectus et netus et malesuada fames ac turpis', 'realizada'),
(859, '2022-04-18', '11:00', '24148', 20, 'lectus convallis est,', 'realizada'),
(860, '2022-02-28', '16:00', '24148', 56, 'commodo auctor velit. Aliquam nisl. Nulla eu neque pellentesque', 'realizada'),
(861, '2022-04-12', '15:00', '24148', 19, 'sit amet lorem semper auctor. Mauris vel turpis. Aliquam adipiscing lobortis risus. In mi pede,', 'realizada'),
(863, '2022-03-24', '10:00', '24148', 8, 'nulla. Donec non justo. Proin non massa non ante bibendum ullamcorper.', 'realizada'),
(864, '2022-03-16', '13:00', '24148', 56, 'Integer eu', 'realizada'),
(865, '2022-03-22', '16:00', '24148', 6, 'lacus. Quisque purus sapien, gravida non, sollicitudin a, malesuada id, erat. Etiam vestibulum', 'realizada'),
(866, '2022-03-02', '11:00', '24148', 66, 'placerat, orci lacus vestibulum lorem,', 'realizada'),
(868, '2022-04-12', '13:00', '24148', 21, 'eu', 'realizada'),
(869, '2022-02-28', '8:00', '24148', 33, 'vitae diam. Proin dolor. Nulla semper tellus id nunc interdum feugiat. Sed', 'realizada'),
(870, '2022-03-21', '11:00', '24148', 33, 'arcu et pede. Nunc', 'realizada'),
(872, '2022-04-01', '10:00', '24148', 32, 'pede, ultrices a, auctor', 'realizada'),
(873, '2022-04-08', '14:00', '24148', 66, 'ut quam vel sapien imperdiet ornare. In faucibus. Morbi vehicula.', 'realizada'),
(874, '2022-03-25', '14:00', '24148', 68, 'sagittis. Nullam vitae diam. Proin dolor.', 'realizada'),
(876, '2022-03-07', '9:00', '24148', 56, 'lobortis', 'realizada'),
(877, '2022-03-29', '15:00', '24148', 2, 'et, rutrum eu, ultrices sit amet, risus. Donec nibh enim,', 'realizada'),
(879, '2022-02-28', '13:00', '24148', 4, 'nibh sit amet orci. Ut sagittis lobortis mauris. Suspendisse', 'realizada'),
(883, '2022-03-30', '16:00', '24148', 26, 'cursus', 'realizada'),
(885, '2022-04-18', '13:00', '24148', 4, 'non dui nec urna suscipit nonummy. Fusce fermentum fermentum arcu. Vestibulum ante ipsum primis', 'realizada'),
(886, '2022-04-11', '8:00', '24148', 7, 'Vestibulum ut eros non enim commodo hendrerit. Donec porttitor tellus non magna. Nam', 'realizada'),
(889, '2022-03-17', '8:00', '24148', 35, 'dignissim tempor arcu. Vestibulum ut eros non enim commodo hendrerit. Donec porttitor', 'realizada'),
(890, '2022-04-12', '9:00', '24148', 50, 'neque et nunc. Quisque ornare tortor', 'realizada'),
(897, '2022-03-02', '15:00', '24148', 18, 'non leo. Vivamus nibh dolor, nonummy ac, feugiat non, lobortis quis,', 'realizada'),
(899, '2022-03-04', '13:00', '24148', 34, 'tempor, est ac mattis semper, dui lectus rutrum urna, nec luctus felis purus ac tellus.', 'realizada'),
(900, '2022-03-22', '9:00', '24148', 18, 'malesuada malesuada. Integer id magna et ipsum cursus vestibulum. Mauris magna. Duis dignissim tempor', 'realizada'),
(902, '2022-04-21', '8:00', '24148', 36, 'metus eu erat semper rutrum.', 'realizada'),
(903, '2022-03-09', '9:00', '24148', 27, 'libero. Integer', 'realizada'),
(904, '2022-03-02', '10:00', '24148', 3, 'hendrerit. Donec porttitor tellus non magna. Nam ligula elit, pretium et,', 'realizada'),
(907, '2022-03-30', '10:00', '24148', 52, 'hendrerit id,', 'realizada'),
(908, '2022-03-15', '14:00', '24148', 33, 'Suspendisse aliquet molestie', 'realizada'),
(911, '2022-03-08', '10:00', '24148', 69, 'et nunc. Quisque ornare tortor at risus. Nunc ac sem ut dolor dapibus gravida.', 'realizada'),
(912, '2022-04-01', '15:00', '24148', 26, 'fermentum fermentum', 'realizada'),
(914, '2022-03-10', '13:00', '24148', 19, 'dolor.', 'realizada'),
(917, '2022-04-08', '11:00', '24148', 10, 'mollis nec, cursus a, enim. Suspendisse', 'realizada'),
(919, '2022-02-28', '10:00', '24148', 54, 'dictum sapien. Aenean massa. Integer vitae nibh. Donec est mauris, rhoncus', 'realizada'),
(920, '2022-04-13', '11:00', '24148', 5, 'at, egestas a, scelerisque sed, sapien. Nunc pulvinar arcu et pede. Nunc', 'realizada'),
(921, '2022-03-11', '14:00', '24148', 54, 'diam vel arcu. Curabitur ut odio', 'realizada'),
(923, '2022-04-11', '10:00', '24148', 17, 'egestas, urna justo faucibus lectus,', 'realizada'),
(924, '2022-03-14', '9:00', '24148', 40, 'Etiam imperdiet dictum magna. Ut tincidunt orci quis lectus. Nullam suscipit, est ac facilisis facilisis,', 'realizada'),
(926, '2022-03-17', '11:00', '24148', 41, 'porttitor scelerisque neque. Nullam nisl. Maecenas malesuada fringilla est. Mauris eu turpis. Nulla aliquet. Proin', 'realizada'),
(927, '2022-03-11', '10:00', '24148', 56, 'a odio semper cursus.', 'realizada'),
(928, '2022-03-18', '11:00', '24148', 17, 'ligula', 'realizada'),
(931, '2022-03-25', '16:00', '24148', 57, 'sem. Nulla interdum. Curabitur dictum.', 'realizada'),
(935, '2022-04-04', '13:00', '24148', 21, 'pede, ultrices a, auctor non, feugiat nec, diam. Duis mi enim, condimentum eget, volutpat', 'realizada'),
(940, '2022-03-22', '13:00', '24148', 25, 'felis orci, adipiscing non, luctus sit amet, faucibus ut, nulla. Cras eu tellus eu', 'realizada'),
(941, '2022-04-19', '10:00', '24148', 39, 'risus. Nunc ac', 'realizada'),
(945, '2022-04-01', '16:00', '24148', 31, 'mi. Aliquam gravida mauris ut mi. Duis risus odio, auctor', 'realizada'),
(946, '2022-04-05', '10:00', '24148', 12, 'ante ipsum primis in faucibus orci luctus et ultrices posuere cubilia Curae Phasellus ornare.', 'realizada'),
(947, '2022-04-01', '14:00', '24148', 26, 'dignissim lacus. Aliquam rutrum lorem ac risus. Morbi metus. Vivamus euismod', 'realizada'),
(948, '2022-04-05', '8:00', '24148', 64, 'Proin', 'realizada'),
(949, '2022-04-15', '14:00', '24148', 65, 'et magnis dis parturient montes, nascetur ridiculus mus. Proin vel arcu eu odio tristique pharetra.', 'realizada'),
(950, '2022-04-20', '8:00', '24148', 2, 'dictum eleifend, nunc risus varius orci, in consequat enim diam vel arcu.', 'realizada'),
(953, '2022-03-03', '16:00', '24148', 32, 'rhoncus. Nullam velit dui, semper et, lacinia vitae, sodales at, velit. Pellentesque ultricies', 'realizada'),
(954, '2022-04-15', '10:00', '24148', 44, 'pede, nonummy ut, molestie in, tempus eu, ligula. Aenean euismod mauris eu', 'realizada'),
(956, '2022-03-31', '10:00', '24148', 46, 'ligula. Nullam feugiat', 'realizada'),
(957, '2022-03-21', '9:00', '24148', 56, 'ac facilisis facilisis, magna tellus', 'realizada'),
(958, '2022-04-05', '13:00', '24148', 13, 'at arcu. Vestibulum ante ipsum primis in faucibus orci luctus et', 'realizada'),
(959, '2022-04-04', '11:00', '24148', 44, 'auctor, velit eget laoreet posuere, enim nisl elementum purus, accumsan interdum libero dui', 'realizada'),
(960, '2022-03-07', '15:00', '24148', 64, 'dolor sit amet, consectetuer adipiscing elit. Curabitur', 'realizada'),
(965, '2022-03-24', '16:00', '24148', 8, 'penatibus et magnis dis parturient montes, nascetur ridiculus', 'realizada'),
(968, '2022-03-28', '11:00', '24148', 26, 'tellus, imperdiet non, vestibulum nec, euismod in, dolor. Fusce feugiat. Lorem ipsum dolor sit', 'realizada'),
(969, '2022-04-04', '10:00', '24148', 28, 'libero nec ligula consectetuer rhoncus. Nullam velit dui, semper et, lacinia vitae,', 'realizada'),
(971, '2022-03-14', '10:00', '24148', 68, 'venenatis a, magna. Lorem ipsum dolor sit amet, consectetuer adipiscing elit. Etiam laoreet, libero', 'realizada'),
(973, '2022-04-06', '16:00', '24148', 40, 'et malesuada fames ac turpis egestas. Fusce aliquet', 'realizada'),
(974, '2022-04-14', '14:00', '24148', 21, 'In at pede. Cras vulputate velit', 'realizada'),
(976, '2022-04-06', '15:00', '24148', 41, 'Etiam gravida molestie arcu. Sed eu nibh vulputate mauris sagittis placerat. Cras dictum', 'realizada'),
(978, '2022-04-20', '16:00', '24148', 30, 'nec, imperdiet nec, leo. Morbi neque tellus, imperdiet non, vestibulum nec, euismod in, dolor.', 'realizada'),
(979, '2022-03-11', '16:00', '24148', 51, 'placerat, orci lacus vestibulum lorem, sit amet ultricies sem magna nec', 'realizada'),
(984, '2022-04-06', '10:00', '24148', 59, 'vulputate, nisi sem semper erat, in consectetuer ipsum nunc id enim.', 'realizada'),
(988, '2022-04-15', '11:00', '24148', 68, 'risus. Donec egestas.', 'realizada'),
(989, '2022-04-18', '9:00', '24148', 40, 'lectus, a sollicitudin orci sem eget massa. Suspendisse', 'realizada');
INSERT INTO `consultas` (`id_consulta`, `data`, `horario`, `crmv_vet`, `id_pet`, `descricao`, `status`) VALUES
(991, '2022-04-15', '15:00', '24148', 67, 'luctus felis purus ac tellus. Suspendisse', 'realizada'),
(992, '2022-04-11', '15:00', '24148', 57, 'tincidunt adipiscing. Mauris molestie pharetra nibh. Aliquam ornare, libero at auctor ullamcorper, nisl arcu', 'realizada'),
(994, '2022-03-04', '8:00', '24148', 4, 'iaculis odio. Nam interdum enim non', 'realizada'),
(996, '2022-04-04', '8:00', '24148', 35, 'in magna. Phasellus dolor elit, pellentesque a, facilisis non, bibendum sed, est.', 'realizada'),
(1001, '2022-03-29', '16:00', '24148', 24, 'ornare. Fusce', 'realizada'),
(1002, '2022-03-17', '9:00', '24148', 57, 'auctor velit. Aliquam nisl.', 'realizada'),
(1005, '2022-04-11', '11:00', '24148', 60, 'semper. Nam tempor', 'realizada'),
(1006, '2022-03-23', '10:00', '24148', 29, 'mollis. Phasellus libero', 'realizada'),
(1007, '2022-03-03', '14:00', '24148', 7, 'orci lobortis augue scelerisque', 'realizada'),
(1008, '2022-04-12', '8:00', '24148', 14, 'Curabitur egestas nunc sed libero. Proin', 'realizada'),
(1009, '2022-03-25', '15:00', '24148', 44, 'Praesent eu nulla at sem molestie sodales.', 'realizada'),
(1010, '2022-03-24', '9:00', '24148', 23, 'gravida molestie arcu. Sed eu nibh vulputate mauris sagittis', 'realizada'),
(1011, '2022-03-03', '9:00', '24148', 13, 'non lorem vitae', 'realizada'),
(1012, '2022-03-02', '13:00', '24148', 59, 'et magnis dis parturient montes, nascetur ridiculus mus. Donec dignissim magna a tortor.', 'realizada'),
(1013, '2022-03-01', '9:00', '24148', 31, 'Aliquam erat volutpat.', 'realizada'),
(1014, '2022-03-17', '13:00', '24148', 17, 'neque vitae semper egestas, urna', 'realizada'),
(1015, '2022-04-07', '10:00', '24148', 55, 'in, tempus eu, ligula. Aenean euismod mauris eu elit. Nulla facilisi. Sed neque.', 'realizada'),
(1016, '2022-04-06', '14:00', '24148', 17, 'consequat enim diam vel arcu. Curabitur ut odio vel est tempor bibendum. Donec felis', 'realizada'),
(1017, '2022-03-08', '15:00', '24148', 36, 'tempus eu, ligula. Aenean euismod mauris eu elit.', 'realizada'),
(1018, '2022-03-10', '15:00', '24148', 18, 'dolor, tempus non, lacinia at, iaculis quis, pede. Praesent eu', 'realizada'),
(1019, '2022-03-11', '15:00', '24148', 56, 'quis massa. Mauris', 'realizada'),
(1020, '2022-03-09', '13:00', '24148', 58, 'interdum. Sed auctor odio a purus. Duis elementum, dui quis accumsan convallis, ante lectus convallis', 'realizada'),
(1021, '2022-03-18', '13:00', '24148', 69, 'pretium neque. Morbi', 'realizada'),
(1022, '2022-03-07', '10:00', '24148', 32, 'pretium neque. Morbi quis urna. Nunc quis arcu', 'realizada'),
(1023, '2022-03-21', '14:00', '24148', 35, 'neque pellentesque massa', 'realizada'),
(1026, '2022-04-04', '11:00', '69878', 19, 'id, libero. Donec consectetuer mauris id sapien.', 'realizada'),
(1027, '2022-03-23', '13:00', '69878', 30, 'non, bibendum sed,', 'realizada'),
(1028, '2022-04-19', '15:00', '69878', 41, 'neque. In ornare sagittis felis. Donec tempor, est ac mattis semper, dui', 'realizada'),
(1030, '2022-03-22', '9:00', '69878', 37, 'dui. Fusce diam', 'realizada'),
(1031, '2022-04-07', '10:00', '69878', 29, 'at sem molestie sodales.', 'realizada'),
(1033, '2022-04-01', '8:00', '69878', 15, 'Mauris vel turpis. Aliquam adipiscing', 'realizada'),
(1035, '2022-03-08', '16:00', '69878', 34, 'nec tempus scelerisque, lorem ipsum sodales purus, in molestie tortor nibh sit amet orci. Ut', 'realizada'),
(1037, '2022-03-17', '15:00', '69878', 51, 'Nunc lectus pede, ultrices a, auctor non, feugiat nec, diam.', 'realizada'),
(1038, '2022-04-05', '8:00', '69878', 60, 'magna. Praesent interdum ligula', 'realizada'),
(1039, '2022-04-15', '15:00', '69878', 5, 'mauris, rhoncus id, mollis nec, cursus a, enim. Suspendisse', 'realizada'),
(1040, '2022-04-19', '14:00', '69878', 25, 'felis ullamcorper viverra. Maecenas iaculis aliquet diam. Sed diam', 'realizada'),
(1041, '2022-03-22', '8:00', '69878', 24, 'Integer in magna. Phasellus dolor elit, pellentesque a, facilisis', 'realizada'),
(1043, '2022-04-11', '16:00', '69878', 41, 'posuere, enim nisl elementum purus, accumsan interdum', 'realizada'),
(1046, '2022-04-05', '11:00', '69878', 6, 'Nunc quis arcu vel quam dignissim pharetra. Nam ac nulla.', 'realizada'),
(1049, '2022-04-19', '10:00', '69878', 32, 'vulputate velit eu sem. Pellentesque ut ipsum ac mi eleifend', 'realizada'),
(1050, '2022-04-22', '11:00', '69878', 28, 'non, egestas a, dui. Cras pellentesque. Sed dictum. Proin', 'realizada'),
(1054, '2022-03-07', '15:00', '69878', 41, 'ac metus', 'realizada'),
(1055, '2022-04-05', '15:00', '69878', 20, 'nunc nulla vulputate dui, nec tempus mauris erat eget', 'realizada'),
(1056, '2022-03-11', '8:00', '69878', 5, 'lorem, eget mollis lectus', 'realizada'),
(1057, '2022-04-06', '13:00', '69878', 67, 'ridiculus mus. Donec dignissim magna a tortor. Nunc', 'realizada'),
(1060, '2022-04-18', '15:00', '69878', 53, 'ligula. Nullam enim. Sed nulla ante, iaculis nec, eleifend non, dapibus rutrum,', 'realizada'),
(1061, '2022-03-14', '16:00', '69878', 6, 'faucibus leo, in lobortis tellus justo sit amet nulla. Donec non justo. Proin non', 'realizada'),
(1062, '2022-03-28', '9:00', '69878', 64, 'molestie tortor nibh sit amet orci. Ut sagittis lobortis mauris. Suspendisse', 'realizada'),
(1066, '2022-03-29', '14:00', '69878', 2, 'amet massa. Quisque porttitor eros nec tellus.', 'realizada'),
(1067, '2022-03-29', '16:00', '69878', 61, 'tellus. Suspendisse sed dolor. Fusce mi lorem,', 'realizada'),
(1068, '2022-03-11', '16:00', '69878', 39, 'libero. Integer in magna. Phasellus dolor elit, pellentesque a,', 'realizada'),
(1069, '2022-04-01', '14:00', '69878', 48, 'accumsan laoreet ipsum. Curabitur consequat, lectus sit amet luctus', 'realizada'),
(1070, '2022-04-18', '11:00', '69878', 5, 'risus quis diam luctus lobortis.', 'realizada'),
(1071, '2022-03-04', '14:00', '69878', 17, 'eu, eleifend nec,', 'realizada'),
(1072, '2022-03-21', '13:00', '69878', 65, 'erat eget ipsum. Suspendisse', 'realizada'),
(1074, '2022-04-05', '16:00', '69878', 32, 'molestie. Sed id risus quis diam luctus lobortis. Class aptent taciti sociosqu ad litora torquent', 'realizada'),
(1076, '2022-03-01', '13:00', '69878', 51, 'gravida sit amet, dapibus id, blandit at, nisi. Cum sociis natoque penatibus et magnis', 'realizada'),
(1077, '2022-03-23', '11:00', '69878', 32, 'velit. Quisque varius.', 'realizada'),
(1078, '2022-04-04', '16:00', '69878', 46, 'tempor lorem, eget', 'realizada'),
(1079, '2022-04-08', '11:00', '69878', 32, 'ultricies ligula. Nullam enim. Sed', 'realizada'),
(1080, '2022-03-17', '16:00', '69878', 56, 'taciti sociosqu', 'realizada'),
(1083, '2022-04-19', '16:00', '69878', 36, 'placerat, orci lacus vestibulum lorem, sit amet ultricies sem magna nec quam. Curabitur vel', 'realizada'),
(1084, '2022-03-10', '10:00', '69878', 62, 'Curae Phasellus ornare. Fusce mollis. Duis sit amet diam eu dolor egestas rhoncus. Proin nisl', 'realizada'),
(1086, '2022-04-11', '11:00', '69878', 12, 'nec ante. Maecenas', 'realizada'),
(1087, '2022-03-31', '9:00', '69878', 68, 'pede. Suspendisse dui. Fusce diam nunc, ullamcorper eu, euismod ac, fermentum vel, mauris. Integer', 'realizada'),
(1088, '2022-03-07', '8:00', '69878', 31, 'euismod est arcu', 'realizada'),
(1089, '2022-02-25', '9:00', '69878', 44, 'et magnis dis parturient montes, nascetur ridiculus mus. Proin vel arcu', 'realizada'),
(1090, '2022-04-11', '9:00', '69878', 4, 'at auctor ullamcorper, nisl arcu iaculis enim, sit amet ornare lectus', 'realizada'),
(1091, '2022-02-25', '16:00', '69878', 12, 'non quam. Pellentesque habitant morbi tristique', 'realizada'),
(1092, '2022-03-24', '15:00', '69878', 52, 'neque vitae semper egestas, urna justo faucibus lectus, a sollicitudin orci sem eget massa.', 'realizada'),
(1095, '2022-03-31', '10:00', '69878', 15, 'aliquet magna a neque. Nullam ut nisi a odio semper cursus.', 'realizada'),
(1096, '2022-04-13', '8:00', '69878', 45, 'Curae Donec tincidunt. Donec vitae erat vel pede blandit congue. In scelerisque scelerisque dui.', 'realizada'),
(1097, '2022-04-19', '13:00', '69878', 24, 'Curae Phasellus ornare. Fusce mollis. Duis sit amet diam eu dolor egestas rhoncus. Proin nisl', 'realizada'),
(1099, '2022-03-16', '10:00', '69878', 47, 'tristique senectus et netus et malesuada fames ac turpis egestas.', 'realizada'),
(1102, '2022-03-17', '14:00', '69878', 58, 'facilisis vitae, orci. Phasellus dapibus quam quis diam.', 'realizada'),
(1104, '2022-04-04', '10:00', '69878', 50, 'non nisi. Aenean eget metus. In nec orci. Donec nibh. Quisque nonummy ipsum non', 'realizada'),
(1106, '2022-03-30', '15:00', '69878', 4, 'enim. Nunc ut erat. Sed', 'realizada'),
(1107, '2022-03-31', '13:00', '69878', 9, 'a, magna. Lorem ipsum dolor sit amet, consectetuer', 'realizada'),
(1108, '2022-04-01', '13:00', '69878', 33, 'sapien. Cras dolor dolor, tempus non, lacinia at, iaculis quis, pede. Praesent eu dui. Cum', 'realizada'),
(1111, '2022-04-07', '16:00', '69878', 37, 'eu tempor erat neque non quam. Pellentesque habitant morbi tristique', 'realizada'),
(1112, '2022-04-21', '11:00', '69878', 44, 'diam nunc, ullamcorper eu,', 'realizada'),
(1113, '2022-03-21', '16:00', '69878', 16, 'Morbi quis urna. Nunc quis arcu vel quam dignissim pharetra. Nam ac', 'realizada'),
(1115, '2022-03-08', '14:00', '69878', 53, 'Maecenas ornare egestas ligula. Nullam feugiat placerat velit. Quisque', 'realizada'),
(1117, '2022-03-24', '16:00', '69878', 17, 'lectus, a sollicitudin', 'realizada'),
(1119, '2022-04-14', '14:00', '69878', 24, 'diam luctus lobortis. Class aptent taciti sociosqu', 'realizada'),
(1121, '2022-02-28', '16:00', '69878', 23, 'in, hendrerit consectetuer, cursus et, magna. Praesent interdum', 'realizada'),
(1122, '2022-03-04', '13:00', '69878', 19, 'orci tincidunt adipiscing. Mauris molestie', 'realizada'),
(1125, '2022-03-08', '8:00', '69878', 9, 'est, vitae sodales nisi magna sed dui. Fusce aliquam, enim nec', 'realizada'),
(1126, '2022-03-18', '16:00', '69878', 22, 'non arcu. Vivamus sit amet risus. Donec egestas. Aliquam nec enim. Nunc ut', 'realizada'),
(1127, '2022-04-06', '14:00', '69878', 49, 'dictum mi, ac mattis velit justo nec ante. Maecenas mi felis, adipiscing fringilla, porttitor vulputate,', 'realizada'),
(1129, '2022-04-21', '16:00', '69878', 54, 'cursus a, enim. Suspendisse aliquet, sem ut cursus luctus, ipsum leo elementum', 'realizada'),
(1131, '2022-03-14', '15:00', '69878', 67, 'urna justo faucibus lectus, a sollicitudin orci', 'realizada'),
(1132, '2022-03-23', '8:00', '69878', 8, 'Ut tincidunt orci quis lectus. Nullam suscipit, est ac facilisis facilisis, magna tellus', 'realizada'),
(1133, '2022-03-01', '11:00', '69878', 47, 'egestas. Aliquam', 'realizada'),
(1135, '2022-03-21', '10:00', '69878', 36, 'interdum enim non nisi. Aenean eget metus. In nec orci. Donec nibh. Quisque nonummy', 'realizada'),
(1136, '2022-03-29', '9:00', '69878', 50, 'sit amet, faucibus ut, nulla. Cras eu tellus eu augue porttitor', 'realizada'),
(1137, '2022-03-18', '9:00', '69878', 35, 'tempus eu, ligula. Aenean euismod mauris eu elit.', 'realizada'),
(1138, '2022-04-21', '15:00', '69878', 27, 'enim, gravida sit amet, dapibus id, blandit at, nisi. Cum sociis natoque penatibus et', 'realizada'),
(1139, '2022-04-13', '15:00', '69878', 34, 'lobortis risus. In mi', 'realizada'),
(1141, '2022-03-08', '9:00', '69878', 66, 'penatibus et magnis dis parturient montes, nascetur', 'realizada'),
(1144, '2022-03-22', '15:00', '69878', 68, 'feugiat nec, diam. Duis mi enim,', 'realizada'),
(1147, '2022-04-21', '9:00', '69878', 17, 'mattis semper, dui lectus rutrum urna, nec luctus felis purus ac tellus. Suspendisse sed dolor.', 'realizada'),
(1148, '2022-04-18', '16:00', '69878', 61, 'magna. Lorem ipsum dolor sit amet, consectetuer adipiscing elit. Etiam laoreet,', 'realizada'),
(1150, '2022-03-04', '9:00', '69878', 17, 'arcu et pede. Nunc sed orci lobortis augue scelerisque mollis. Phasellus', 'realizada'),
(1151, '2022-03-11', '15:00', '69878', 5, 'arcu. Curabitur ut', 'realizada'),
(1152, '2022-04-01', '10:00', '69878', 34, 'ac metus vitae velit egestas lacinia. Sed congue, elit', 'realizada'),
(1155, '2022-03-14', '8:00', '69878', 65, 'lobortis augue scelerisque mollis. Phasellus libero mauris, aliquam eu,', 'realizada'),
(1158, '2022-04-04', '9:00', '69878', 47, 'lorem, sit', 'realizada'),
(1160, '2022-04-07', '13:00', '69878', 56, 'nonummy. Fusce fermentum fermentum arcu. Vestibulum ante ipsum primis in faucibus orci', 'realizada'),
(1161, '2022-04-14', '16:00', '69878', 63, 'Donec feugiat metus sit amet ante.', 'realizada'),
(1162, '2022-03-23', '14:00', '69878', 22, 'ante blandit viverra. Donec tempus, lorem fringilla ornare placerat,', 'realizada'),
(1165, '2022-03-30', '16:00', '69878', 20, 'per inceptos', 'realizada'),
(1167, '2022-04-06', '8:00', '69878', 68, 'tincidunt. Donec vitae erat vel pede blandit congue.', 'realizada'),
(1168, '2022-04-20', '15:00', '69878', 20, 'at, nisi. Cum sociis natoque penatibus et magnis dis parturient montes, nascetur ridiculus mus. Proin', 'realizada'),
(1170, '2022-04-12', '14:00', '69878', 51, 'lacus vestibulum lorem, sit amet ultricies sem magna nec quam. Curabitur vel lectus.', 'realizada'),
(1171, '2022-03-21', '11:00', '69878', 50, 'a neque. Nullam ut nisi a odio semper cursus. Integer', 'realizada'),
(1173, '2022-04-18', '8:00', '69878', 53, 'pede. Nunc sed orci', 'realizada'),
(1174, '2022-04-20', '10:00', '69878', 56, 'mauris sagittis placerat. Cras dictum ultricies ligula.', 'realizada'),
(1175, '2022-03-28', '13:00', '69878', 24, 'sit amet ultricies sem magna', 'realizada'),
(1179, '2022-03-01', '14:00', '69878', 46, 'bibendum. Donec felis orci,', 'realizada'),
(1180, '2022-03-29', '15:00', '69878', 47, 'Cras interdum. Nunc sollicitudin commodo ipsum.', 'realizada'),
(1182, '2022-03-02', '16:00', '69878', 54, 'ridiculus mus. Aenean eget magna. Suspendisse tristique', 'realizada'),
(1184, '2022-03-18', '11:00', '69878', 66, 'magna. Lorem', 'realizada'),
(1185, '2022-03-25', '11:00', '69878', 25, 'eu erat semper rutrum.', 'realizada'),
(1186, '2022-03-25', '9:00', '69878', 35, 'et magnis dis parturient montes, nascetur ridiculus mus.', 'realizada'),
(1187, '2022-03-01', '8:00', '69878', 43, 'arcu. Vestibulum ante ipsum primis in faucibus orci luctus et ultrices posuere', 'realizada'),
(1188, '2022-03-07', '11:00', '69878', 22, 'adipiscing lobortis risus. In mi pede, nonummy ut,', 'realizada'),
(1191, '2022-03-11', '14:00', '69878', 19, 'dignissim lacus.', 'realizada'),
(1193, '2022-03-16', '15:00', '69878', 16, 'molestie', 'realizada'),
(1194, '2022-04-08', '10:00', '69878', 55, 'orci luctus et ultrices posuere cubilia Curae Phasellus ornare.', 'realizada'),
(1196, '2022-03-31', '8:00', '69878', 42, 'pede sagittis augue, eu tempor erat neque', 'realizada'),
(1197, '2022-03-04', '11:00', '69878', 8, 'dui', 'realizada'),
(1198, '2022-04-14', '8:00', '69878', 31, 'ultricies sem', 'realizada'),
(1199, '2022-04-08', '13:00', '69878', 68, 'sed', 'realizada'),
(1201, '2022-03-09', '9:00', '69878', 54, 'Nunc mauris elit, dictum eu, eleifend nec, malesuada ut, sem. Nulla interdum.', 'realizada'),
(1202, '2022-03-17', '10:00', '69878', 12, 'Mauris eu turpis. Nulla aliquet. Proin', 'realizada'),
(1203, '2022-04-15', '11:00', '69878', 36, 'ligula. Aenean euismod mauris eu elit. Nulla facilisi. Sed', 'realizada'),
(1205, '2022-04-11', '10:00', '69878', 2, 'tellus, imperdiet non, vestibulum nec, euismod in, dolor.', 'realizada'),
(1206, '2022-04-07', '15:00', '69878', 22, 'non dui nec urna suscipit nonummy.', 'realizada'),
(1207, '2022-04-21', '8:00', '69878', 6, 'urna et arcu imperdiet ullamcorper. Duis at', 'realizada'),
(1208, '2022-03-21', '8:00', '69878', 3, 'diam. Proin dolor. Nulla semper', 'realizada'),
(1209, '2022-03-21', '14:00', '69878', 38, 'risus quis diam luctus lobortis. Class aptent taciti sociosqu ad litora torquent', 'realizada'),
(1211, '2022-04-20', '11:00', '69878', 30, 'arcu. Vestibulum ut eros non enim commodo hendrerit. Donec porttitor tellus non', 'realizada'),
(1212, '2022-03-03', '16:00', '69878', 8, 'neque pellentesque massa lobortis ultrices.', 'realizada'),
(1216, '2022-03-07', '16:00', '69878', 32, 'diam. Proin dolor. Nulla semper tellus', 'realizada'),
(1217, '2022-03-31', '14:00', '69878', 46, 'urna convallis erat,', 'realizada'),
(1219, '2022-03-31', '15:00', '69878', 70, 'diam dictum', 'realizada'),
(1221, '2022-03-16', '11:00', '69878', 67, 'quis, pede. Praesent eu', 'realizada'),
(1222, '2022-03-03', '13:00', '69878', 61, 'convallis ligula. Donec luctus aliquet odio.', 'realizada'),
(1224, '2022-05-18', '13:00', '19356', NULL, NULL, 'bloqueado'),
(1225, '2022-05-11', '8:00', '19356', NULL, NULL, 'bloqueado'),
(1226, '2022-05-11', '11:00', '19356', NULL, NULL, 'bloqueado'),
(1229, '2022-05-05', '8:00', '19356', NULL, NULL, 'bloqueado'),
(1230, '2022-05-05', '9:00', '19356', NULL, NULL, 'bloqueado'),
(1231, '2022-05-16', '13:00', '19356', NULL, NULL, 'bloqueado'),
(1232, '2022-05-09', '8:00', '19356', NULL, NULL, 'bloqueado'),
(1233, '2022-05-16', '8:00', '24148', 10, 'Sunt in culpa qui officia deserunt mollit anim id est laborum', 'realizada'),
(1234, '2022-05-16', '10:00', '19356', 70, 'Sunt in culpa qui officia deserunt mollit anim id est laborum', 'realizada'),
(1235, '2022-05-16', '9:00', '19356', 72, 'Sunt in culpa qui officia deserunt mollit anim id est laborum', 'realizada'),
(1236, '2022-05-13', '04:18', '19356', 59, 'engoliu uma bola de pelos', 'realizada sem marcar'),
(1239, '2022-05-16', '15:00', '19356', NULL, NULL, 'bloqueado'),
(1241, '2022-06-06', '16:00', '19356', NULL, NULL, 'bloqueado'),
(1242, '2022-05-13', '17:41', '19356', 72, 'Unha encravada', 'realizada sem marcar'),
(1244, '2022-05-23', '10:00', '19356', 71, NULL, 'marcada'),
(1245, '2022-05-17', '13:00', '69878', 71, 'Sunt in culpa qui officia deserunt mollit anim id est laborum', 'realizada'),
(1246, '2022-05-17', '13:00', '19356', 10, 'Sunt in culpa qui officia deserunt mollit anim id est laborum', 'realizada'),
(1247, '2022-05-18', '9:00', '24148', 71, 'Sunt in culpa qui officia deserunt mollit anim id est laborum', 'realizada'),
(1248, '2022-05-19', '12:24', '19356', 41, 'posuere, enim nisl elementum purus, accumsan interdum', 'realizada sem marcar'),
(1250, '2022-05-27', '16:00', '19356', NULL, NULL, 'bloqueado'),
(1251, '2022-06-01', '10:00', '24148', 70, NULL, 'marcada'),
(1254, '2022-05-27', '10:00', '19356', 71, NULL, 'marcada'),
(1255, '2022-06-06', '8:00', '69878', NULL, NULL, 'bloqueado'),
(1256, '2022-06-01', '8:00', '24148', 10, NULL, 'marcada'),
(1257, '2022-06-08', '8:00', '19356', NULL, NULL, 'bloqueado'),
(1260, '2022-06-01', '13:00', '69878', 71, NULL, 'marcada');

-- --------------------------------------------------------

--
-- Estrutura da tabela `pets`
--

CREATE TABLE `pets` (
  `id_pet` int(11) UNSIGNED NOT NULL,
  `nome` varchar(45) COLLATE utf8_unicode_ci NOT NULL,
  `cpf_dono` varchar(11) COLLATE utf8_unicode_ci NOT NULL,
  `data_nasc` date DEFAULT NULL,
  `raca` varchar(45) COLLATE utf8_unicode_ci NOT NULL,
  `especie` varchar(45) COLLATE utf8_unicode_ci NOT NULL,
  `porte` varchar(45) COLLATE utf8_unicode_ci NOT NULL
) ENGINE=InnoDB DEFAULT CHARSET=utf8 COLLATE=utf8_unicode_ci;

--
-- Extraindo dados da tabela `pets`
--

INSERT INTO `pets` (`id_pet`, `nome`, `cpf_dono`, `data_nasc`, `raca`, `especie`, `porte`) VALUES
(1, 'Destiny', '46042791010', '2014-02-27', 'Yorkshire', 'cão', 'pequeno'),
(2, 'Iola', '70493333010', '2011-08-12', 'Boxer', 'cão', 'médio'),
(3, 'Tanya', '33925031006', '2012-04-02', 'Golden retriever', 'cão', 'grande'),
(4, 'Myra', '40577090020', '2016-02-29', 'Poodle', 'cão', 'pequeno'),
(5, 'Max', '46042791010', '2021-05-23', 'Golden retriever', 'cão', 'grande'),
(6, 'Laika', '50178903000', '2019-07-12', 'Labrador', 'cão', 'grande'),
(7, 'Max', '85362516035', '2012-08-08', 'Pastor-alemão', 'cão', 'grande'),
(8, 'Adam', '73686562057', '2013-04-06', 'Yorkshire', 'cão', 'pequeno'),
(9, 'Laika', '90194801039', '2011-11-29', 'Labrador', 'cão', 'grande'),
(10, 'Pluto', '32222215021', '2016-01-25', 'Golden retriever', 'cão', 'grande'),
(11, 'Laika', '29368625077', '2015-12-20', 'Boxer', 'cão', 'médio'),
(12, 'Max', '70493333010', '2016-10-22', 'Pastor-alemão', 'cão', 'grande'),
(13, 'Max', '39551199049', '2021-08-06', 'Pastor-alemão', 'cão', 'grande'),
(14, 'Laila', '46901577079', '2014-01-27', 'Lulu da Pomerânia', 'cão', 'pequeno'),
(15, 'Laika', '28432001058', '2016-04-30', 'Poodle', 'cão', 'pequeno'),
(16, 'Laila', '29368625077', '2015-08-01', 'Yorkshire', 'cão', 'pequeno'),
(17, 'Laila', '16199748000', '2021-12-19', 'Boxer', 'cão', 'médio'),
(18, 'Guinevere', '85362516035', '2012-05-23', 'Golden retriever', 'cão', 'grande'),
(19, 'Max', '50178903000', '2013-04-15', 'Lulu da Pomerânia', 'cão', 'pequeno'),
(20, 'Troy', '85362516035', '2020-01-09', 'Yorkshire', 'cão', 'pequeno'),
(21, 'Laika', '85362516035', '2018-05-12', 'Poodle', 'cão', 'pequeno'),
(22, 'Max', '84617133038', '2014-06-18', 'Sem raça', 'cão', 'grande'),
(23, 'Laila', '33210564027', '2021-08-06', 'Labrador', 'cão', 'médio'),
(24, 'Laika', '83284389091', '2015-05-18', 'Lulu da Pomerânia', 'cão', 'pequeno'),
(25, 'Caesar', '30910234000', '2020-04-09', 'Labrador', 'cão', 'grande'),
(26, 'Max', '20591852039', '2018-07-07', 'Labrador', 'cão', 'grande'),
(27, 'Pluto', '25004372055', '2011-04-26', 'Labrador', 'cão', 'grande'),
(28, 'Laila', '28432001058', '2019-03-06', 'Labrador', 'cão', 'grande'),
(29, 'Pluto', '39551199049', '2017-10-14', 'Pastor-alemão', 'cão', 'grande'),
(30, 'Jillian', '50107824051', '2021-01-24', 'Pastor-alemão', 'cão', 'grande'),
(31, 'Laila', '28432001058', '2016-07-01', 'Sem raça', 'cão', 'pequeno'),
(32, 'Pluto', '10563226080', '2015-05-28', 'Yorkshire', 'cão', 'pequeno'),
(33, 'Max', '83284389091', '2014-10-09', 'Boxer', 'cão', 'médio'),
(34, 'Pluto', '90194801039', '2013-06-14', 'Yorkshire', 'cão', 'pequeno'),
(35, 'Brittany', '46901577079', '2012-05-19', 'Poodle', 'cão', 'pequeno'),
(36, 'Laila', '73686562057', '2014-07-25', 'Labrador', 'cão', 'grande'),
(37, 'Max', '25004372055', '2013-08-29', 'Sem raça', 'cão', 'pequeno'),
(38, 'Pluto', '69526630025', '2015-06-12', 'Labrador', 'cão', 'grande'),
(39, 'Max', '50178903000', '2017-02-13', 'Labrador', 'cão', 'grande'),
(40, 'August', '29368625077', '2017-08-09', 'Yorkshire', 'cão', 'pequeno'),
(41, 'Cássio', '69526630025', '2018-08-30', 'Persa', 'gato', 'pequeno'),
(42, 'Frajola', '18109233015', '2014-02-13', 'Persa', 'gato', 'pequeno'),
(43, 'Cássio', '40577090020', '2016-07-27', 'Persa', 'gato', 'médio'),
(44, 'Zóio', '18109233015', '2018-06-02', 'Persa', 'gato', 'médio'),
(45, 'Tamekah', '84617133038', '2015-11-28', 'Sem raça', 'gato', 'médio'),
(46, 'Mingau', '39551199049', '2013-06-03', 'Siamês', 'gato', 'pequeno'),
(47, 'Mingau', '69526630025', '2014-02-23', 'Sem raça', 'gato', 'médio'),
(48, 'Sonya', '84617133038', '2020-06-17', 'Persa', 'gato', 'médio'),
(49, 'Frajola', '29368625077', '2013-07-02', 'Sem raça', 'gato', 'pequeno'),
(50, 'Lion', '46042791010', '2012-02-24', 'Siamês', 'gato', 'médio'),
(51, 'Mingau', '30910234000', '2010-12-27', 'Persa', 'gato', 'pequeno'),
(52, 'Cássio', '85362516035', '2011-09-20', 'Persa', 'gato', 'pequeno'),
(53, 'Lion', '40577090020', '2019-03-14', 'Persa', 'gato', 'pequeno'),
(54, 'Frajola', '59216566078', '2017-09-29', 'Siamês', 'gato', 'pequeno'),
(55, 'Zóio', '50107824051', '2019-07-17', 'Persa', 'gato', 'pequeno'),
(56, 'Frajola', '79688085022', '2015-06-29', 'Sem raça', 'gato', 'pequeno'),
(57, 'Frajola', '10563226080', '2014-03-12', 'Persa', 'gato', 'médio'),
(58, 'Zóio', '28432001058', '2017-05-05', 'Sem raça', 'gato', 'médio'),
(59, 'Cássio', '16199748000', '2016-01-27', 'Sem raça', 'gato', 'médio'),
(60, 'Mingau', '33925031006', '2018-09-25', 'Siamês', 'gato', 'pequeno'),
(61, 'Cássio', '10563226080', '2019-07-21', 'Sem raça', 'gato', 'médio'),
(62, 'Sierra', '50178903000', '2014-11-10', 'Siamês', 'gato', 'pequeno'),
(63, 'Cássio', '46901577079', '2017-04-18', 'Persa', 'gato', 'pequeno'),
(64, 'Zóio', '33925031006', '2018-05-20', 'Sem raça', 'gato', 'pequeno'),
(65, 'Cássio', '79688085022', '2021-10-27', 'Siamês', 'gato', 'médio'),
(66, 'Zóio', '33925031006', '2012-08-03', 'Siamês', 'gato', 'médio'),
(67, 'Mingau', '79688085022', '2013-08-22', 'Persa', 'gato', 'médio'),
(68, 'Lion', '28432001058', '2012-05-30', 'Persa', 'gato', 'médio'),
(69, 'Meghan', '46042791010', '2011-02-25', 'Persa', 'gato', 'pequeno'),
(70, 'Zóio', '32222215021', '2016-12-09', 'Sem raça', 'gato', 'pequeno'),
(71, 'Mathias', '10216828023', '2015-07-12', 'Vira-lata', 'Cão', 'medio'),
(72, 'Lulu', '32222215021', '2020-05-12', 'Vira-lata', 'Cão', 'pequeno'),
(73, 'Lineu', '96035970079', '2010-02-20', 'Vira-lata', 'Cão', 'medio'),
(76, 'Quase nada', '98303349023', '2012-12-12', 'vira-lata', 'Cão', 'medio');

-- --------------------------------------------------------

--
-- Estrutura da tabela `veterinarios`
--

CREATE TABLE `veterinarios` (
  `nome` varchar(100) COLLATE utf8_unicode_ci NOT NULL,
  `telefone` varchar(16) COLLATE utf8_unicode_ci NOT NULL,
  `email` varchar(150) COLLATE utf8_unicode_ci NOT NULL,
  `cpf` varchar(11) COLLATE utf8_unicode_ci NOT NULL,
  `endereco` varchar(150) COLLATE utf8_unicode_ci NOT NULL,
  `crmv` varchar(45) COLLATE utf8_unicode_ci NOT NULL,
  `senha` varchar(32) COLLATE utf8_unicode_ci NOT NULL
) ENGINE=InnoDB DEFAULT CHARSET=utf8 COLLATE=utf8_unicode_ci;

--
-- Extraindo dados da tabela `veterinarios`
--

INSERT INTO `veterinarios` (`nome`, `telefone`, `email`, `cpf`, `endereco`, `crmv`, `senha`) VALUES
('Camden Maxwell', '011917074388', 'pellentesque@protonmail.couk', '11278000003', 'P.O. Caixa 104, 4470 Mi. St.', '24148', '498edb23c6bc221df60966fcf577c80b'),
('Tyler Mooney', '011994168879', 'sodales@icloud.net', '23970940028', '5639 A, Avenue', '69878', '059f45ec29cb021a530b73ce7e1ecb4e'),
('Leonardo Gomes', '11546197543', 'leo@gmail.com', '32222215021', 'Rua dos Açores, 122', '19356', '81dc9bdb52d04dc20036dbd8313ed055');

--
-- Índices para tabelas despejadas
--

--
-- Índices para tabela `avisos`
--
ALTER TABLE `avisos`
  ADD PRIMARY KEY (`id_aviso`);

--
-- Índices para tabela `clientes`
--
ALTER TABLE `clientes`
  ADD PRIMARY KEY (`cpf`);

--
-- Índices para tabela `consultas`
--
ALTER TABLE `consultas`
  ADD PRIMARY KEY (`id_consulta`);

--
-- Índices para tabela `pets`
--
ALTER TABLE `pets`
  ADD PRIMARY KEY (`id_pet`);

--
-- Índices para tabela `veterinarios`
--
ALTER TABLE `veterinarios`
  ADD PRIMARY KEY (`cpf`),
  ADD UNIQUE KEY `crmv` (`crmv`);

--
-- AUTO_INCREMENT de tabelas despejadas
--

--
-- AUTO_INCREMENT de tabela `avisos`
--
ALTER TABLE `avisos`
  MODIFY `id_aviso` int(11) NOT NULL AUTO_INCREMENT, AUTO_INCREMENT=35;

--
-- AUTO_INCREMENT de tabela `consultas`
--
ALTER TABLE `consultas`
  MODIFY `id_consulta` int(11) NOT NULL AUTO_INCREMENT, AUTO_INCREMENT=1261;

--
-- AUTO_INCREMENT de tabela `pets`
--
ALTER TABLE `pets`
  MODIFY `id_pet` int(11) UNSIGNED NOT NULL AUTO_INCREMENT, AUTO_INCREMENT=77;
COMMIT;

/*!40101 SET CHARACTER_SET_CLIENT=@OLD_CHARACTER_SET_CLIENT */;
/*!40101 SET CHARACTER_SET_RESULTS=@OLD_CHARACTER_SET_RESULTS */;
/*!40101 SET COLLATION_CONNECTION=@OLD_COLLATION_CONNECTION */;
